Command line invocation:
    /Applications/Xcode.app/Contents/Developer/usr/bin/xcodebuild -scheme EusoTrip -destination "generic/platform=iOS Simulator" -derivedDataPath /tmp/eusotrip-dd build

2026-06-05 16:24:56.387 xcodebuild[6451:15176614] Error Domain=com.apple.CoreSimulator.SimError Code=400 "Unable to determine SimDeviceSet for subscriptions, set_path=/Users/diegousoro/Library/Developer/CoreSimulator/Devices" UserInfo={NSLocalizedDescription=Unable to determine SimDeviceSet for subscriptions, set_path=/Users/diegousoro/Library/Developer/CoreSimulator/Devices, NSUnderlyingError=0xa019d3180 {Error Domain=NSPOSIXErrorDomain Code=12 "Cannot allocate memory" UserInfo={NSLocalizedFailureReason=Allocation or initialization failed., NSLocalizedDescription=Failed to initialize simulator device set.}}}
2026-06-05 16:24:56.388 xcodebuild[6451:15176614]  iOSSimulator: [SimServiceContext defaultDeviceSetWithError:] returned nil (Error Domain=com.apple.CoreSimulator.SimError Code=400 "Failed to initialize simulator device set." UserInfo={NSLocalizedFailureReason=Failed to subscribe to notifications from CoreSimulatorService., NSLocalizedDescription=Failed to initialize simulator device set., NSUnderlyingError=0xa019d31b0 {Error Domain=com.apple.CoreSimulator.SimError Code=400 "Unable to determine SimDeviceSet for subscriptions, set_path=/Users/diegousoro/Library/Developer/CoreSimulator/Devices" UserInfo={NSLocalizedDescription=Unable to determine SimDeviceSet for subscriptions, set_path=/Users/diegousoro/Library/Developer/CoreSimulator/Devices, NSUnderlyingError=0xa019d3180 {Error Domain=NSPOSIXErrorDomain Code=12 "Cannot allocate memory" UserInfo={NSLocalizedFailureReason=Allocation or initialization failed., NSLocalizedDescription=Failed to initialize simulator device set.}}}}}). Simulator device support disabled.
2026-06-05 16:24:56.392 xcodebuild[6451:15176555] Error Domain=com.apple.CoreSimulator.SimError Code=400 "Unable to determine SimDeviceSet for subscriptions, set_path=/Users/diegousoro/Library/Developer/CoreSimulator/Devices" UserInfo={NSLocalizedDescription=Unable to determine SimDeviceSet for subscriptions, set_path=/Users/diegousoro/Library/Developer/CoreSimulator/Devices, NSUnderlyingError=0xa01148420 {Error Domain=NSPOSIXErrorDomain Code=12 "Cannot allocate memory" UserInfo={NSLocalizedFailureReason=Allocation or initialization failed., NSLocalizedDescription=Failed to initialize simulator device set.}}}
2026-06-05 16:24:56.392 xcodebuild[6451:15176555]  IDESimulatorAvailability: startObservingSimulatorUpdates() FAILED to register SimDeviceSet observer
Resolve Package Graph


Resolved source packages:
  Lottie: https://github.com/airbnb/lottie-ios.git @ 4.6.0

ComputePackagePrebuildTargetDependencyGraph

Prepare packages

CreateBuildRequest

SendProjectDescription

CreateBuildOperation

ComputeTargetDependencyGraph
note: Building targets in dependency order
note: Target dependency graph (6 targets)
    Target 'EusoTrip' in project 'EusoTrip'
        ➜ Explicit dependency on target 'EusoTrip Pulse Watch App' in project 'EusoTrip'
        ➜ Explicit dependency on target 'EusoTripiOSWidgets' in project 'EusoTrip'
        ➜ Explicit dependency on target 'Lottie' in project 'Lottie'
    Target 'Lottie' in project 'Lottie'
        ➜ Explicit dependency on target 'Lottie' in project 'Lottie'
        ➜ Explicit dependency on target 'Lottie_Lottie' in project 'Lottie'
    Target 'Lottie' in project 'Lottie'
        ➜ Explicit dependency on target 'Lottie_Lottie' in project 'Lottie'
    Target 'Lottie_Lottie' in project 'Lottie' (no dependencies)
    Target 'EusoTripiOSWidgets' in project 'EusoTrip' (no dependencies)
    Target 'EusoTrip Pulse Watch App' in project 'EusoTrip' (no dependencies)

GatherProvisioningInputs

CreateBuildDescription

ExecuteExternalTool /Applications/Xcode.app/Contents/Developer/Toolchains/XcodeDefault.xctoolchain/usr/bin/swiftc --version

ExecuteExternalTool /Applications/Xcode.app/Contents/Developer/Toolchains/XcodeDefault.xctoolchain/usr/bin/clang -v -E -dM -isysroot /Applications/Xcode.app/Contents/Developer/Platforms/iPhoneSimulator.platform/Developer/SDKs/iPhoneSimulator26.5.sdk -x c -c /dev/null

ExecuteExternalTool /Applications/Xcode.app/Contents/Developer/Toolchains/XcodeDefault.xctoolchain/usr/bin/clang -v -E -dM -isysroot /Applications/Xcode.app/Contents/Developer/Platforms/WatchSimulator.platform/Developer/SDKs/WatchSimulator26.5.sdk -x c -c /dev/null

ExecuteExternalTool /Applications/Xcode.app/Contents/Developer/usr/bin/actool --print-asset-tag-combinations --output-format xml1 /Users/diegousoro/Desktop/EusoTrip by Eusorone Technologies, Inc/EusoTrip Pulse Watch App/Assets.xcassets

ExecuteExternalTool /Applications/Xcode.app/Contents/Developer/usr/bin/actool --print-asset-tag-combinations --output-format xml1 /Users/diegousoro/Desktop/EusoTrip by Eusorone Technologies, Inc/EusoTrip/Preview Content/Preview Assets.xcassets /Users/diegousoro/Desktop/EusoTrip by Eusorone Technologies, Inc/EusoTrip/Assets.xcassets

ExecuteExternalTool /Applications/Xcode.app/Contents/Developer/Toolchains/XcodeDefault.xctoolchain/usr/bin/ld -version_details

ExecuteExternalTool /Applications/Xcode.app/Contents/Developer/usr/bin/actool --version --output-format xml1

Build description signature: 225fbc50593497eb092edc71f0d578e2
Build description path: /tmp/eusotrip-dd/Build/Intermediates.noindex/XCBuildData/225fbc50593497eb092edc71f0d578e2.xcbuilddata
ClangStatCache /Applications/Xcode.app/Contents/Developer/Toolchains/XcodeDefault.xctoolchain/usr/bin/clang-stat-cache /Applications/Xcode.app/Contents/Developer/Platforms/iPhoneSimulator.platform/Developer/SDKs/iPhoneSimulator26.5.sdk /tmp/eusotrip-dd/SDKStatCaches.noindex/iphonesimulator26.5-23F73-6cfe768891a92b912361537c460fe42b.sdkstatcache
    cd /Users/diegousoro/Desktop/EusoTrip\ by\ Eusorone\ Technologies,\ Inc/EusoTrip.xcodeproj
    /Applications/Xcode.app/Contents/Developer/Toolchains/XcodeDefault.xctoolchain/usr/bin/clang-stat-cache /Applications/Xcode.app/Contents/Developer/Platforms/iPhoneSimulator.platform/Developer/SDKs/iPhoneSimulator26.5.sdk -o /tmp/eusotrip-dd/SDKStatCaches.noindex/iphonesimulator26.5-23F73-6cfe768891a92b912361537c460fe42b.sdkstatcache

ProcessInfoPlistFile /tmp/eusotrip-dd/Build/Products/Debug-iphonesimulator/Lottie_Lottie.bundle/Info.plist /tmp/eusotrip-dd/Build/Intermediates.noindex/Lottie.build/Debug-iphonesimulator/Lottie_Lottie.build/empty-Lottie_Lottie.plist (in target 'Lottie_Lottie' from project 'Lottie')
    cd /tmp/eusotrip-dd/SourcePackages/checkouts/lottie-ios
    builtin-infoPlistUtility /tmp/eusotrip-dd/Build/Intermediates.noindex/Lottie.build/Debug-iphonesimulator/Lottie_Lottie.build/empty-Lottie_Lottie.plist -producttype com.apple.product-type.bundle -expandbuildsettings -format binary -platform iphonesimulator -o /tmp/eusotrip-dd/Build/Products/Debug-iphonesimulator/Lottie_Lottie.bundle/Info.plist

ClangStatCache /Applications/Xcode.app/Contents/Developer/Toolchains/XcodeDefault.xctoolchain/usr/bin/clang-stat-cache /Applications/Xcode.app/Contents/Developer/Platforms/WatchSimulator.platform/Developer/SDKs/WatchSimulator26.5.sdk /tmp/eusotrip-dd/SDKStatCaches.noindex/watchsimulator26.5-23T570-1651579a441f1322ae888f0ed545cb80.sdkstatcache
    cd /Users/diegousoro/Desktop/EusoTrip\ by\ Eusorone\ Technologies,\ Inc/EusoTrip.xcodeproj
    /Applications/Xcode.app/Contents/Developer/Toolchains/XcodeDefault.xctoolchain/usr/bin/clang-stat-cache /Applications/Xcode.app/Contents/Developer/Platforms/WatchSimulator.platform/Developer/SDKs/WatchSimulator26.5.sdk -o /tmp/eusotrip-dd/SDKStatCaches.noindex/watchsimulator26.5-23T570-1651579a441f1322ae888f0ed545cb80.sdkstatcache

ProcessInfoPlistFile /tmp/eusotrip-dd/Build/Products/Debug-watchsimulator/EusoTrip\ Pulse\ Watch\ App.app/Info.plist /Users/diegousoro/Desktop/EusoTrip\ by\ Eusorone\ Technologies,\ Inc/EusoTripPulseWatch-Info.plist (in target 'EusoTrip Pulse Watch App' from project 'EusoTrip')
    cd /Users/diegousoro/Desktop/EusoTrip\ by\ Eusorone\ Technologies,\ Inc
    builtin-infoPlistUtility /Users/diegousoro/Desktop/EusoTrip\ by\ Eusorone\ Technologies,\ Inc/EusoTripPulseWatch-Info.plist -producttype com.apple.product-type.application -genpkginfo /tmp/eusotrip-dd/Build/Products/Debug-watchsimulator/EusoTrip\ Pulse\ Watch\ App.app/PkgInfo -expandbuildsettings -format binary -platform watchsimulator -additionalcontentfile /tmp/eusotrip-dd/Build/Intermediates.noindex/EusoTrip.build/Debug-watchsimulator/EusoTrip\ Pulse\ Watch\ App.build/assetcatalog_generated_info.plist -o /tmp/eusotrip-dd/Build/Products/Debug-watchsimulator/EusoTrip\ Pulse\ Watch\ App.app/Info.plist
removing entry for "LSRequiresIPhoneOS" - not supported on watchOS

CopySwiftLibs /tmp/eusotrip-dd/Build/Products/Debug-watchsimulator/EusoTrip\ Pulse\ Watch\ App.app (in target 'EusoTrip Pulse Watch App' from project 'EusoTrip')
    cd /Users/diegousoro/Desktop/EusoTrip\ by\ Eusorone\ Technologies,\ Inc
    builtin-swiftStdLibTool --copy --verbose --sign - --scan-executable /tmp/eusotrip-dd/Build/Products/Debug-watchsimulator/EusoTrip\ Pulse\ Watch\ App.app/EusoTrip\ Pulse\ Watch\ App.debug.dylib --scan-folder /tmp/eusotrip-dd/Build/Products/Debug-watchsimulator/EusoTrip\ Pulse\ Watch\ App.app/Frameworks --scan-folder /tmp/eusotrip-dd/Build/Products/Debug-watchsimulator/EusoTrip\ Pulse\ Watch\ App.app/PlugIns --scan-folder /tmp/eusotrip-dd/Build/Products/Debug-watchsimulator/EusoTrip\ Pulse\ Watch\ App.app/SystemExtensions --scan-folder /tmp/eusotrip-dd/Build/Products/Debug-watchsimulator/EusoTrip\ Pulse\ Watch\ App.app/Extensions --platform watchsimulator --toolchain /Applications/Xcode.app/Contents/Developer/Toolchains/XcodeDefault.xctoolchain --destination /tmp/eusotrip-dd/Build/Products/Debug-watchsimulator/EusoTrip\ Pulse\ Watch\ App.app/Frameworks --strip-bitcode --strip-bitcode-tool /Applications/Xcode.app/Contents/Developer/Toolchains/XcodeDefault.xctoolchain/usr/bin/bitcode_strip --emit-dependency-info /tmp/eusotrip-dd/Build/Intermediates.noindex/EusoTrip.build/Debug-watchsimulator/EusoTrip\ Pulse\ Watch\ App.build/SwiftStdLibToolInputDependencies.dep --filter-for-swift-os

note: Run script build phase 'Auto-bump CFBundleVersion' will be run during every build because the option to run the script phase "Based on dependency analysis" is unchecked. (in target 'EusoTrip' from project 'EusoTrip')
SwiftDriver EusoTrip normal arm64 com.apple.xcode.tools.swift.compiler (in target 'EusoTrip' from project 'EusoTrip')
    cd /Users/diegousoro/Desktop/EusoTrip\ by\ Eusorone\ Technologies,\ Inc
    builtin-SwiftDriver -- /Applications/Xcode.app/Contents/Developer/Toolchains/XcodeDefault.xctoolchain/usr/bin/swiftc -module-name EusoTrip -Onone @/tmp/eusotrip-dd/Build/Intermediates.noindex/EusoTrip.build/Debug-iphonesimulator/EusoTrip.build/Objects-normal/arm64/EusoTrip.SwiftFileList -DDEBUG -enable-bare-slash-regex -enable-experimental-feature DebugDescriptionMacro -sdk /Applications/Xcode.app/Contents/Developer/Platforms/iPhoneSimulator.platform/Developer/SDKs/iPhoneSimulator26.5.sdk -target arm64-apple-ios17.0-simulator -g -module-cache-path /tmp/eusotrip-dd/ModuleCache.noindex -Xfrontend -serialize-debugging-options -enable-testing -index-store-path /tmp/eusotrip-dd/Index.noindex/DataStore -Xcc -D_LIBCPP_HARDENING_MODE\=_LIBCPP_HARDENING_MODE_DEBUG -swift-version 5 -I /tmp/eusotrip-dd/Build/Products/Debug-iphonesimulator -F /tmp/eusotrip-dd/Build/Products/Debug-iphonesimulator/PackageFrameworks -F /tmp/eusotrip-dd/Build/Products/Debug-iphonesimulator -emit-localized-strings -emit-localized-strings-path /tmp/eusotrip-dd/Build/Intermediates.noindex/EusoTrip.build/Debug-iphonesimulator/EusoTrip.build/Objects-normal/arm64 -c -j12 -enable-batch-mode -incremental -Xcc -ivfsstatcache -Xcc /tmp/eusotrip-dd/SDKStatCaches.noindex/iphonesimulator26.5-23F73-6cfe768891a92b912361537c460fe42b.sdkstatcache -output-file-map /tmp/eusotrip-dd/Build/Intermediates.noindex/EusoTrip.build/Debug-iphonesimulator/EusoTrip.build/Objects-normal/arm64/EusoTrip-OutputFileMap.json -use-frontend-parseable-output -save-temps -no-color-diagnostics -explicit-module-build -module-cache-path /tmp/eusotrip-dd/Build/Intermediates.noindex/SwiftExplicitPrecompiledModules -clang-scanner-module-cache-path /tmp/eusotrip-dd/ModuleCache.noindex -sdk-module-cache-path /tmp/eusotrip-dd/ModuleCache.noindex -serialize-diagnostics -emit-dependencies -emit-module -emit-module-path /tmp/eusotrip-dd/Build/Intermediates.noindex/EusoTrip.build/Debug-iphonesimulator/EusoTrip.build/Objects-normal/arm64/EusoTrip.swiftmodule -validate-clang-modules-once -clang-build-session-file /tmp/eusotrip-dd/ModuleCache.noindex/Session.modulevalidation -Xcc -I/tmp/eusotrip-dd/Build/Intermediates.noindex/EusoTrip.build/Debug-iphonesimulator/EusoTrip.build/swift-overrides.hmap -emit-const-values -Xfrontend -const-gather-protocols-file -Xfrontend /tmp/eusotrip-dd/Build/Intermediates.noindex/EusoTrip.build/Debug-iphonesimulator/EusoTrip.build/Objects-normal/arm64/EusoTrip_const_extract_protocols.json -Xcc -iquote -Xcc /tmp/eusotrip-dd/Build/Intermediates.noindex/EusoTrip.build/Debug-iphonesimulator/EusoTrip.build/EusoTrip-generated-files.hmap -Xcc -I/tmp/eusotrip-dd/Build/Intermediates.noindex/EusoTrip.build/Debug-iphonesimulator/EusoTrip.build/EusoTrip-own-target-headers.hmap -Xcc -I/tmp/eusotrip-dd/Build/Intermediates.noindex/EusoTrip.build/Debug-iphonesimulator/EusoTrip.build/EusoTrip-all-non-framework-target-headers.hmap -Xcc -ivfsoverlay -Xcc /tmp/eusotrip-dd/Build/Intermediates.noindex/EusoTrip.build/Debug-iphonesimulator/EusoTrip-b4a33943895d5b68a84b74b6298b5375-VFS-iphonesimulator/all-product-headers.yaml -Xcc -iquote -Xcc /tmp/eusotrip-dd/Build/Intermediates.noindex/EusoTrip.build/Debug-iphonesimulator/EusoTrip.build/EusoTrip-project-headers.hmap -Xcc -I/tmp/eusotrip-dd/Build/Products/Debug-iphonesimulator/include -Xcc -I/tmp/eusotrip-dd/Build/Intermediates.noindex/EusoTrip.build/Debug-iphonesimulator/EusoTrip.build/DerivedSources-normal/arm64 -Xcc -I/tmp/eusotrip-dd/Build/Intermediates.noindex/EusoTrip.build/Debug-iphonesimulator/EusoTrip.build/DerivedSources/arm64 -Xcc -I/tmp/eusotrip-dd/Build/Intermediates.noindex/EusoTrip.build/Debug-iphonesimulator/EusoTrip.build/DerivedSources -Xcc -DDEBUG\=1 -emit-objc-header -emit-objc-header-path /tmp/eusotrip-dd/Build/Intermediates.noindex/EusoTrip.build/Debug-iphonesimulator/EusoTrip.build/Objects-normal/arm64/EusoTrip-Swift.h -working-directory /Users/diegousoro/Desktop/EusoTrip\ by\ Eusorone\ Technologies,\ Inc -experimental-emit-module-separately -disable-cmo

SwiftDriver EusoTrip normal x86_64 com.apple.xcode.tools.swift.compiler (in target 'EusoTrip' from project 'EusoTrip')
    cd /Users/diegousoro/Desktop/EusoTrip\ by\ Eusorone\ Technologies,\ Inc
    builtin-SwiftDriver -- /Applications/Xcode.app/Contents/Developer/Toolchains/XcodeDefault.xctoolchain/usr/bin/swiftc -module-name EusoTrip -Onone @/tmp/eusotrip-dd/Build/Intermediates.noindex/EusoTrip.build/Debug-iphonesimulator/EusoTrip.build/Objects-normal/x86_64/EusoTrip.SwiftFileList -DDEBUG -enable-bare-slash-regex -enable-experimental-feature DebugDescriptionMacro -sdk /Applications/Xcode.app/Contents/Developer/Platforms/iPhoneSimulator.platform/Developer/SDKs/iPhoneSimulator26.5.sdk -target x86_64-apple-ios17.0-simulator -g -module-cache-path /tmp/eusotrip-dd/ModuleCache.noindex -Xfrontend -serialize-debugging-options -enable-testing -index-store-path /tmp/eusotrip-dd/Index.noindex/DataStore -Xcc -D_LIBCPP_HARDENING_MODE\=_LIBCPP_HARDENING_MODE_DEBUG -swift-version 5 -I /tmp/eusotrip-dd/Build/Products/Debug-iphonesimulator -F /tmp/eusotrip-dd/Build/Products/Debug-iphonesimulator/PackageFrameworks -F /tmp/eusotrip-dd/Build/Products/Debug-iphonesimulator -emit-localized-strings -emit-localized-strings-path /tmp/eusotrip-dd/Build/Intermediates.noindex/EusoTrip.build/Debug-iphonesimulator/EusoTrip.build/Objects-normal/x86_64 -c -j12 -enable-batch-mode -incremental -Xcc -ivfsstatcache -Xcc /tmp/eusotrip-dd/SDKStatCaches.noindex/iphonesimulator26.5-23F73-6cfe768891a92b912361537c460fe42b.sdkstatcache -output-file-map /tmp/eusotrip-dd/Build/Intermediates.noindex/EusoTrip.build/Debug-iphonesimulator/EusoTrip.build/Objects-normal/x86_64/EusoTrip-OutputFileMap.json -use-frontend-parseable-output -save-temps -no-color-diagnostics -explicit-module-build -module-cache-path /tmp/eusotrip-dd/Build/Intermediates.noindex/SwiftExplicitPrecompiledModules -clang-scanner-module-cache-path /tmp/eusotrip-dd/ModuleCache.noindex -sdk-module-cache-path /tmp/eusotrip-dd/ModuleCache.noindex -serialize-diagnostics -emit-dependencies -emit-module -emit-module-path /tmp/eusotrip-dd/Build/Intermediates.noindex/EusoTrip.build/Debug-iphonesimulator/EusoTrip.build/Objects-normal/x86_64/EusoTrip.swiftmodule -validate-clang-modules-once -clang-build-session-file /tmp/eusotrip-dd/ModuleCache.noindex/Session.modulevalidation -Xcc -I/tmp/eusotrip-dd/Build/Intermediates.noindex/EusoTrip.build/Debug-iphonesimulator/EusoTrip.build/swift-overrides.hmap -emit-const-values -Xfrontend -const-gather-protocols-file -Xfrontend /tmp/eusotrip-dd/Build/Intermediates.noindex/EusoTrip.build/Debug-iphonesimulator/EusoTrip.build/Objects-normal/x86_64/EusoTrip_const_extract_protocols.json -Xcc -iquote -Xcc /tmp/eusotrip-dd/Build/Intermediates.noindex/EusoTrip.build/Debug-iphonesimulator/EusoTrip.build/EusoTrip-generated-files.hmap -Xcc -I/tmp/eusotrip-dd/Build/Intermediates.noindex/EusoTrip.build/Debug-iphonesimulator/EusoTrip.build/EusoTrip-own-target-headers.hmap -Xcc -I/tmp/eusotrip-dd/Build/Intermediates.noindex/EusoTrip.build/Debug-iphonesimulator/EusoTrip.build/EusoTrip-all-non-framework-target-headers.hmap -Xcc -ivfsoverlay -Xcc /tmp/eusotrip-dd/Build/Intermediates.noindex/EusoTrip.build/Debug-iphonesimulator/EusoTrip-b4a33943895d5b68a84b74b6298b5375-VFS-iphonesimulator/all-product-headers.yaml -Xcc -iquote -Xcc /tmp/eusotrip-dd/Build/Intermediates.noindex/EusoTrip.build/Debug-iphonesimulator/EusoTrip.build/EusoTrip-project-headers.hmap -Xcc -I/tmp/eusotrip-dd/Build/Products/Debug-iphonesimulator/include -Xcc -I/tmp/eusotrip-dd/Build/Intermediates.noindex/EusoTrip.build/Debug-iphonesimulator/EusoTrip.build/DerivedSources-normal/x86_64 -Xcc -I/tmp/eusotrip-dd/Build/Intermediates.noindex/EusoTrip.build/Debug-iphonesimulator/EusoTrip.build/DerivedSources/x86_64 -Xcc -I/tmp/eusotrip-dd/Build/Intermediates.noindex/EusoTrip.build/Debug-iphonesimulator/EusoTrip.build/DerivedSources -Xcc -DDEBUG\=1 -emit-objc-header -emit-objc-header-path /tmp/eusotrip-dd/Build/Intermediates.noindex/EusoTrip.build/Debug-iphonesimulator/EusoTrip.build/Objects-normal/x86_64/EusoTrip-Swift.h -working-directory /Users/diegousoro/Desktop/EusoTrip\ by\ Eusorone\ Technologies,\ Inc -experimental-emit-module-separately -disable-cmo

ProcessInfoPlistFile /tmp/eusotrip-dd/Build/Products/Debug-iphonesimulator/EusoTripiOSWidgets.appex/Info.plist /Users/diegousoro/Desktop/EusoTrip\ by\ Eusorone\ Technologies,\ Inc/EusoTripiOSWidgets/Info.plist (in target 'EusoTripiOSWidgets' from project 'EusoTrip')
    cd /Users/diegousoro/Desktop/EusoTrip\ by\ Eusorone\ Technologies,\ Inc
    builtin-infoPlistUtility /Users/diegousoro/Desktop/EusoTrip\ by\ Eusorone\ Technologies,\ Inc/EusoTripiOSWidgets/Info.plist -producttype com.apple.product-type.app-extension -expandbuildsettings -format binary -platform iphonesimulator -o /tmp/eusotrip-dd/Build/Products/Debug-iphonesimulator/EusoTripiOSWidgets.appex/Info.plist

SwiftCompile normal arm64 Compiling\ 373_CatalystAwardedCelM04.swift,\ 782_VesselDwellAnalysis.swift,\ 683_VesselFleetHealth.swift,\ 002_VesselBookingDetail.swift,\ 662_VesselExceptionsHolds.swift,\ 673_VesselContainerLease.swift /Users/diegousoro/Desktop/EusoTrip\ by\ Eusorone\ Technologies,\ Inc/EusoTrip/Views/Catalyst/373_CatalystAwardedCelM04.swift /Users/diegousoro/Desktop/EusoTrip\ by\ Eusorone\ Technologies,\ Inc/EusoTrip/Views/Vessel/782_VesselDwellAnalysis.swift /Users/diegousoro/Desktop/EusoTrip\ by\ Eusorone\ Technologies,\ Inc/EusoTrip/Views/Vessel/683_VesselFleetHealth.swift /Users/diegousoro/Desktop/EusoTrip\ by\ Eusorone\ Technologies,\ Inc/EusoTrip/Views/Vessel/002_VesselBookingDetail.swift /Users/diegousoro/Desktop/EusoTrip\ by\ Eusorone\ Technologies,\ Inc/EusoTrip/Views/Vessel/662_VesselExceptionsHolds.swift /Users/diegousoro/Desktop/EusoTrip\ by\ Eusorone\ Technologies,\ Inc/EusoTrip/Views/Vessel/673_VesselContainerLease.swift (in target 'EusoTrip' from project 'EusoTrip')

SwiftCompile normal arm64 /Users/diegousoro/Desktop/EusoTrip\ by\ Eusorone\ Technologies,\ Inc/EusoTrip/Views/Catalyst/373_CatalystAwardedCelM04.swift (in target 'EusoTrip' from project 'EusoTrip')
    cd /Users/diegousoro/Desktop/EusoTrip\ by\ Eusorone\ Technologies,\ Inc
    

SwiftCompile normal arm64 /Users/diegousoro/Desktop/EusoTrip\ by\ Eusorone\ Technologies,\ Inc/EusoTrip/Views/Vessel/782_VesselDwellAnalysis.swift (in target 'EusoTrip' from project 'EusoTrip')
    cd /Users/diegousoro/Desktop/EusoTrip\ by\ Eusorone\ Technologies,\ Inc
    

SwiftCompile normal arm64 /Users/diegousoro/Desktop/EusoTrip\ by\ Eusorone\ Technologies,\ Inc/EusoTrip/Views/Vessel/683_VesselFleetHealth.swift (in target 'EusoTrip' from project 'EusoTrip')
    cd /Users/diegousoro/Desktop/EusoTrip\ by\ Eusorone\ Technologies,\ Inc
    

SwiftCompile normal arm64 /Users/diegousoro/Desktop/EusoTrip\ by\ Eusorone\ Technologies,\ Inc/EusoTrip/Views/Vessel/002_VesselBookingDetail.swift (in target 'EusoTrip' from project 'EusoTrip')
    cd /Users/diegousoro/Desktop/EusoTrip\ by\ Eusorone\ Technologies,\ Inc
    

SwiftCompile normal arm64 /Users/diegousoro/Desktop/EusoTrip\ by\ Eusorone\ Technologies,\ Inc/EusoTrip/Views/Vessel/662_VesselExceptionsHolds.swift (in target 'EusoTrip' from project 'EusoTrip')
    cd /Users/diegousoro/Desktop/EusoTrip\ by\ Eusorone\ Technologies,\ Inc
    

SwiftCompile normal arm64 /Users/diegousoro/Desktop/EusoTrip\ by\ Eusorone\ Technologies,\ Inc/EusoTrip/Views/Vessel/673_VesselContainerLease.swift (in target 'EusoTrip' from project 'EusoTrip')
    cd /Users/diegousoro/Desktop/EusoTrip\ by\ Eusorone\ Technologies,\ Inc
    

SwiftCompile normal arm64 Compiling\ 684_VesselSettlement.swift,\ 106B_DriverEusoTicketRenderer.swift,\ LoadDetailSheet+Adapters.swift,\ AddPaymentAccountSheet.swift,\ DriverCounterInboxView.swift,\ 201_ShipperLoads.swift /Users/diegousoro/Desktop/EusoTrip\ by\ Eusorone\ Technologies,\ Inc/EusoTrip/Views/Vessel/684_VesselSettlement.swift /Users/diegousoro/Desktop/EusoTrip\ by\ Eusorone\ Technologies,\ Inc/EusoTrip/Views/Driver/106B_DriverEusoTicketRenderer.swift /Users/diegousoro/Desktop/EusoTrip\ by\ Eusorone\ Technologies,\ Inc/EusoTrip/Views/Components/LoadDetailSheet+Adapters.swift /Users/diegousoro/Desktop/EusoTrip\ by\ Eusorone\ Technologies,\ Inc/EusoTrip/Views/Driver/AddPaymentAccountSheet.swift /Users/diegousoro/Desktop/EusoTrip\ by\ Eusorone\ Technologies,\ Inc/EusoTrip/Views/Driver/DriverCounterInboxView.swift /Users/diegousoro/Desktop/EusoTrip\ by\ Eusorone\ Technologies,\ Inc/EusoTrip/Views/Shipper/201_ShipperLoads.swift (in target 'EusoTrip' from project 'EusoTrip')
SwiftCompile normal arm64 /Users/diegousoro/Desktop/EusoTrip\ by\ Eusorone\ Technologies,\ Inc/EusoTrip/Views/Vessel/684_VesselSettlement.swift (in target 'EusoTrip' from project 'EusoTrip')
    cd /Users/diegousoro/Desktop/EusoTrip\ by\ Eusorone\ Technologies,\ Inc
    

SwiftCompile normal arm64 /Users/diegousoro/Desktop/EusoTrip\ by\ Eusorone\ Technologies,\ Inc/EusoTrip/Views/Driver/106B_DriverEusoTicketRenderer.swift (in target 'EusoTrip' from project 'EusoTrip')
    cd /Users/diegousoro/Desktop/EusoTrip\ by\ Eusorone\ Technologies,\ Inc
    

SwiftCompile normal arm64 /Users/diegousoro/Desktop/EusoTrip\ by\ Eusorone\ Technologies,\ Inc/EusoTrip/Views/Components/LoadDetailSheet+Adapters.swift (in target 'EusoTrip' from project 'EusoTrip')
    cd /Users/diegousoro/Desktop/EusoTrip\ by\ Eusorone\ Technologies,\ Inc
    

SwiftCompile normal arm64 /Users/diegousoro/Desktop/EusoTrip\ by\ Eusorone\ Technologies,\ Inc/EusoTrip/Views/Driver/AddPaymentAccountSheet.swift (in target 'EusoTrip' from project 'EusoTrip')
    cd /Users/diegousoro/Desktop/EusoTrip\ by\ Eusorone\ Technologies,\ Inc
    

SwiftCompile normal arm64 /Users/diegousoro/Desktop/EusoTrip\ by\ Eusorone\ Technologies,\ Inc/EusoTrip/Views/Driver/DriverCounterInboxView.swift (in target 'EusoTrip' from project 'EusoTrip')
    cd /Users/diegousoro/Desktop/EusoTrip\ by\ Eusorone\ Technologies,\ Inc
    

SwiftCompile normal arm64 /Users/diegousoro/Desktop/EusoTrip\ by\ Eusorone\ Technologies,\ Inc/EusoTrip/Views/Shipper/201_ShipperLoads.swift (in target 'EusoTrip' from project 'EusoTrip')
    cd /Users/diegousoro/Desktop/EusoTrip\ by\ Eusorone\ Technologies,\ Inc
    

SwiftCompile normal arm64 Compiling\ 643_RailETAPrediction.swift,\ 630_RailCrossDockOperations.swift,\ 312_CarrierEarningsHome.swift,\ 214_ShipperSustainability.swift,\ 215_ShipperRFP.swift,\ 216_ShipperCompliance.swift /Users/diegousoro/Desktop/EusoTrip\ by\ Eusorone\ Technologies,\ Inc/EusoTrip/Views/Rail/643_RailETAPrediction.swift /Users/diegousoro/Desktop/EusoTrip\ by\ Eusorone\ Technologies,\ Inc/EusoTrip/Views/Rail/630_RailCrossDockOperations.swift /Users/diegousoro/Desktop/EusoTrip\ by\ Eusorone\ Technologies,\ Inc/EusoTrip/Views/Carrier/312_CarrierEarningsHome.swift /Users/diegousoro/Desktop/EusoTrip\ by\ Eusorone\ Technologies,\ Inc/EusoTrip/Views/Shipper/214_ShipperSustainability.swift /Users/diegousoro/Desktop/EusoTrip\ by\ Eusorone\ Technologies,\ Inc/EusoTrip/Views/Shipper/215_ShipperRFP.swift /Users/diegousoro/Desktop/EusoTrip\ by\ Eusorone\ Technologies,\ Inc/EusoTrip/Views/Shipper/216_ShipperCompliance.swift (in target 'EusoTrip' from project 'EusoTrip')
SwiftCompile normal arm64 /Users/diegousoro/Desktop/EusoTrip\ by\ Eusorone\ Technologies,\ Inc/EusoTrip/Views/Rail/643_RailETAPrediction.swift (in target 'EusoTrip' from project 'EusoTrip')
    cd /Users/diegousoro/Desktop/EusoTrip\ by\ Eusorone\ Technologies,\ Inc
    

SwiftCompile normal arm64 /Users/diegousoro/Desktop/EusoTrip\ by\ Eusorone\ Technologies,\ Inc/EusoTrip/Views/Rail/630_RailCrossDockOperations.swift (in target 'EusoTrip' from project 'EusoTrip')
    cd /Users/diegousoro/Desktop/EusoTrip\ by\ Eusorone\ Technologies,\ Inc
    

SwiftCompile normal arm64 /Users/diegousoro/Desktop/EusoTrip\ by\ Eusorone\ Technologies,\ Inc/EusoTrip/Views/Carrier/312_CarrierEarningsHome.swift (in target 'EusoTrip' from project 'EusoTrip')
    cd /Users/diegousoro/Desktop/EusoTrip\ by\ Eusorone\ Technologies,\ Inc
    

SwiftCompile normal arm64 /Users/diegousoro/Desktop/EusoTrip\ by\ Eusorone\ Technologies,\ Inc/EusoTrip/Views/Shipper/214_ShipperSustainability.swift (in target 'EusoTrip' from project 'EusoTrip')
    cd /Users/diegousoro/Desktop/EusoTrip\ by\ Eusorone\ Technologies,\ Inc
    

SwiftCompile normal arm64 /Users/diegousoro/Desktop/EusoTrip\ by\ Eusorone\ Technologies,\ Inc/EusoTrip/Views/Shipper/215_ShipperRFP.swift (in target 'EusoTrip' from project 'EusoTrip')
    cd /Users/diegousoro/Desktop/EusoTrip\ by\ Eusorone\ Technologies,\ Inc
    

SwiftCompile normal arm64 /Users/diegousoro/Desktop/EusoTrip\ by\ Eusorone\ Technologies,\ Inc/EusoTrip/Views/Shipper/216_ShipperCompliance.swift (in target 'EusoTrip' from project 'EusoTrip')
    cd /Users/diegousoro/Desktop/EusoTrip\ by\ Eusorone\ Technologies,\ Inc
    

SwiftCompile normal arm64 Compiling\ 212_ShipperControlTower.swift,\ 213_ShipperCatalystScorecard.swift,\ 325_InsuranceDetail.swift,\ 593_RailSettlementBatch.swift,\ 595_RailCrewCertifications.swift,\ 641_RailDemurrageAnalytics.swift /Users/diegousoro/Desktop/EusoTrip\ by\ Eusorone\ Technologies,\ Inc/EusoTrip/Views/Shipper/212_ShipperControlTower.swift /Users/diegousoro/Desktop/EusoTrip\ by\ Eusorone\ Technologies,\ Inc/EusoTrip/Views/Shipper/213_ShipperCatalystScorecard.swift /Users/diegousoro/Desktop/EusoTrip\ by\ Eusorone\ Technologies,\ Inc/EusoTrip/Views/Shipper/325_InsuranceDetail.swift /Users/diegousoro/Desktop/EusoTrip\ by\ Eusorone\ Technologies,\ Inc/EusoTrip/Views/Rail/593_RailSettlementBatch.swift /Users/diegousoro/Desktop/EusoTrip\ by\ Eusorone\ Technologies,\ Inc/EusoTrip/Views/Rail/595_RailCrewCertifications.swift /Users/diegousoro/Desktop/EusoTrip\ by\ Eusorone\ Technologies,\ Inc/EusoTrip/Views/Rail/641_RailDemurrageAnalytics.swift (in target 'EusoTrip' from project 'EusoTrip')

SwiftCompile normal arm64 /Users/diegousoro/Desktop/EusoTrip\ by\ Eusorone\ Technologies,\ Inc/EusoTrip/Views/Shipper/212_ShipperControlTower.swift (in target 'EusoTrip' from project 'EusoTrip')
    cd /Users/diegousoro/Desktop/EusoTrip\ by\ Eusorone\ Technologies,\ Inc
    

SwiftCompile normal arm64 /Users/diegousoro/Desktop/EusoTrip\ by\ Eusorone\ Technologies,\ Inc/EusoTrip/Views/Shipper/213_ShipperCatalystScorecard.swift (in target 'EusoTrip' from project 'EusoTrip')
    cd /Users/diegousoro/Desktop/EusoTrip\ by\ Eusorone\ Technologies,\ Inc
    

SwiftCompile normal arm64 /Users/diegousoro/Desktop/EusoTrip\ by\ Eusorone\ Technologies,\ Inc/EusoTrip/Views/Shipper/325_InsuranceDetail.swift (in target 'EusoTrip' from project 'EusoTrip')
    cd /Users/diegousoro/Desktop/EusoTrip\ by\ Eusorone\ Technologies,\ Inc
    

SwiftCompile normal arm64 /Users/diegousoro/Desktop/EusoTrip\ by\ Eusorone\ Technologies,\ Inc/EusoTrip/Views/Rail/593_RailSettlementBatch.swift (in target 'EusoTrip' from project 'EusoTrip')
    cd /Users/diegousoro/Desktop/EusoTrip\ by\ Eusorone\ Technologies,\ Inc
    

SwiftCompile normal arm64 /Users/diegousoro/Desktop/EusoTrip\ by\ Eusorone\ Technologies,\ Inc/EusoTrip/Views/Rail/595_RailCrewCertifications.swift (in target 'EusoTrip' from project 'EusoTrip')
    cd /Users/diegousoro/Desktop/EusoTrip\ by\ Eusorone\ Technologies,\ Inc
    

SwiftCompile normal arm64 /Users/diegousoro/Desktop/EusoTrip\ by\ Eusorone\ Technologies,\ Inc/EusoTrip/Views/Rail/641_RailDemurrageAnalytics.swift (in target 'EusoTrip' from project 'EusoTrip')
    cd /Users/diegousoro/Desktop/EusoTrip\ by\ Eusorone\ Technologies,\ Inc
    

SwiftCompile normal arm64 Compiling\ 069_MeWallet.swift,\ 105_MeAuthority.swift,\ ZeunMechanicsScreens.swift,\ MeComplianceView.swift,\ 402_DispatcherProfile.swift,\ 673_RailIntermodalDashboard.swift /Users/diegousoro/Desktop/EusoTrip\ by\ Eusorone\ Technologies,\ Inc/EusoTrip/Views/Driver/069_MeWallet.swift /Users/diegousoro/Desktop/EusoTrip\ by\ Eusorone\ Technologies,\ Inc/EusoTrip/Views/Driver/105_MeAuthority.swift /Users/diegousoro/Desktop/EusoTrip\ by\ Eusorone\ Technologies,\ Inc/EusoTrip/Views/Driver/ZeunMechanicsScreens.swift /Users/diegousoro/Desktop/EusoTrip\ by\ Eusorone\ Technologies,\ Inc/EusoTrip/Views/Driver/MeComplianceView.swift /Users/diegousoro/Desktop/EusoTrip\ by\ Eusorone\ Technologies,\ Inc/EusoTrip/Views/Dispatch/402_DispatcherProfile.swift /Users/diegousoro/Desktop/EusoTrip\ by\ Eusorone\ Technologies,\ Inc/EusoTrip/Views/Rail/673_RailIntermodalDashboard.swift (in target 'EusoTrip' from project 'EusoTrip')
SwiftCompile normal arm64 /Users/diegousoro/Desktop/EusoTrip\ by\ Eusorone\ Technologies,\ Inc/EusoTrip/Views/Driver/069_MeWallet.swift (in target 'EusoTrip' from project 'EusoTrip')
    cd /Users/diegousoro/Desktop/EusoTrip\ by\ Eusorone\ Technologies,\ Inc
    

SwiftCompile normal arm64 /Users/diegousoro/Desktop/EusoTrip\ by\ Eusorone\ Technologies,\ Inc/EusoTrip/Views/Driver/105_MeAuthority.swift (in target 'EusoTrip' from project 'EusoTrip')
    cd /Users/diegousoro/Desktop/EusoTrip\ by\ Eusorone\ Technologies,\ Inc
    

SwiftCompile normal arm64 /Users/diegousoro/Desktop/EusoTrip\ by\ Eusorone\ Technologies,\ Inc/EusoTrip/Views/Driver/ZeunMechanicsScreens.swift (in target 'EusoTrip' from project 'EusoTrip')
    cd /Users/diegousoro/Desktop/EusoTrip\ by\ Eusorone\ Technologies,\ Inc
    

SwiftCompile normal arm64 /Users/diegousoro/Desktop/EusoTrip\ by\ Eusorone\ Technologies,\ Inc/EusoTrip/Views/Driver/MeComplianceView.swift (in target 'EusoTrip' from project 'EusoTrip')
    cd /Users/diegousoro/Desktop/EusoTrip\ by\ Eusorone\ Technologies,\ Inc
    

SwiftCompile normal arm64 /Users/diegousoro/Desktop/EusoTrip\ by\ Eusorone\ Technologies,\ Inc/EusoTrip/Views/Dispatch/402_DispatcherProfile.swift (in target 'EusoTrip' from project 'EusoTrip')
    cd /Users/diegousoro/Desktop/EusoTrip\ by\ Eusorone\ Technologies,\ Inc
    

SwiftCompile normal arm64 /Users/diegousoro/Desktop/EusoTrip\ by\ Eusorone\ Technologies,\ Inc/EusoTrip/Views/Rail/673_RailIntermodalDashboard.swift (in target 'EusoTrip' from project 'EusoTrip')
    cd /Users/diegousoro/Desktop/EusoTrip\ by\ Eusorone\ Technologies,\ Inc
    

SwiftCompile normal arm64 Compiling\ 502_CatalystMatchDetail.swift,\ 304_CatalystFleetDrivers.swift,\ 312_CatalystHotZones.swift,\ SH250_ShipperBackhaulEchoSextet.swift,\ SH256_ShipperBackhaulEchoCloseQuintet.swift,\ DL109_DriverDVIRContinuationQuintet.swift /Users/diegousoro/Desktop/EusoTrip\ by\ Eusorone\ Technologies,\ Inc/EusoTrip/Views/Catalyst/502_CatalystMatchDetail.swift /Users/diegousoro/Desktop/EusoTrip\ by\ Eusorone\ Technologies,\ Inc/EusoTrip/Views/Catalyst/304_CatalystFleetDrivers.swift /Users/diegousoro/Desktop/EusoTrip\ by\ Eusorone\ Technologies,\ Inc/EusoTrip/Views/Catalyst/312_CatalystHotZones.swift /Users/diegousoro/Desktop/EusoTrip\ by\ Eusorone\ Technologies,\ Inc/EusoTrip/Views/Shipper/SH250_ShipperBackhaulEchoSextet.swift /Users/diegousoro/Desktop/EusoTrip\ by\ Eusorone\ Technologies,\ Inc/EusoTrip/Views/Shipper/SH256_ShipperBackhaulEchoCloseQuintet.swift /Users/diegousoro/Desktop/EusoTrip\ by\ Eusorone\ Technologies,\ Inc/EusoTrip/Views/Driver/DL109_DriverDVIRContinuationQuintet.swift (in target 'EusoTrip' from project 'EusoTrip')

SwiftCompile normal arm64 /Users/diegousoro/Desktop/EusoTrip\ by\ Eusorone\ Technologies,\ Inc/EusoTrip/Views/Catalyst/502_CatalystMatchDetail.swift (in target 'EusoTrip' from project 'EusoTrip')
    cd /Users/diegousoro/Desktop/EusoTrip\ by\ Eusorone\ Technologies,\ Inc
    

SwiftCompile normal arm64 /Users/diegousoro/Desktop/EusoTrip\ by\ Eusorone\ Technologies,\ Inc/EusoTrip/Views/Catalyst/304_CatalystFleetDrivers.swift (in target 'EusoTrip' from project 'EusoTrip')
    cd /Users/diegousoro/Desktop/EusoTrip\ by\ Eusorone\ Technologies,\ Inc
    

SwiftCompile normal arm64 /Users/diegousoro/Desktop/EusoTrip\ by\ Eusorone\ Technologies,\ Inc/EusoTrip/Views/Catalyst/312_CatalystHotZones.swift (in target 'EusoTrip' from project 'EusoTrip')
    cd /Users/diegousoro/Desktop/EusoTrip\ by\ Eusorone\ Technologies,\ Inc
    

SwiftCompile normal arm64 /Users/diegousoro/Desktop/EusoTrip\ by\ Eusorone\ Technologies,\ Inc/EusoTrip/Views/Shipper/SH250_ShipperBackhaulEchoSextet.swift (in target 'EusoTrip' from project 'EusoTrip')
    cd /Users/diegousoro/Desktop/EusoTrip\ by\ Eusorone\ Technologies,\ Inc
    

SwiftCompile normal arm64 /Users/diegousoro/Desktop/EusoTrip\ by\ Eusorone\ Technologies,\ Inc/EusoTrip/Views/Shipper/SH256_ShipperBackhaulEchoCloseQuintet.swift (in target 'EusoTrip' from project 'EusoTrip')
    cd /Users/diegousoro/Desktop/EusoTrip\ by\ Eusorone\ Technologies,\ Inc
    

SwiftCompile normal arm64 /Users/diegousoro/Desktop/EusoTrip\ by\ Eusorone\ Technologies,\ Inc/EusoTrip/Views/Driver/DL109_DriverDVIRContinuationQuintet.swift (in target 'EusoTrip' from project 'EusoTrip')
    cd /Users/diegousoro/Desktop/EusoTrip\ by\ Eusorone\ Technologies,\ Inc
    

SwiftCompile normal arm64 Compiling\ 226_ShipperDocumentCenter.swift,\ 227_ShipperSettlementDetail.swift,\ 229_ShipperBOLUpload.swift,\ 301_CarrierLoads.swift,\ 302_CarrierLoadDetail.swift,\ 402_BrokerTenderDetail.swift /Users/diegousoro/Desktop/EusoTrip\ by\ Eusorone\ Technologies,\ Inc/EusoTrip/Views/Shipper/226_ShipperDocumentCenter.swift /Users/diegousoro/Desktop/EusoTrip\ by\ Eusorone\ Technologies,\ Inc/EusoTrip/Views/Shipper/227_ShipperSettlementDetail.swift /Users/diegousoro/Desktop/EusoTrip\ by\ Eusorone\ Technologies,\ Inc/EusoTrip/Views/Shipper/229_ShipperBOLUpload.swift /Users/diegousoro/Desktop/EusoTrip\ by\ Eusorone\ Technologies,\ Inc/EusoTrip/Views/Carrier/301_CarrierLoads.swift /Users/diegousoro/Desktop/EusoTrip\ by\ Eusorone\ Technologies,\ Inc/EusoTrip/Views/Carrier/302_CarrierLoadDetail.swift /Users/diegousoro/Desktop/EusoTrip\ by\ Eusorone\ Technologies,\ Inc/EusoTrip/Views/Broker/402_BrokerTenderDetail.swift (in target 'EusoTrip' from project 'EusoTrip')

SwiftCompile normal arm64 /Users/diegousoro/Desktop/EusoTrip\ by\ Eusorone\ Technologies,\ Inc/EusoTrip/Views/Shipper/226_ShipperDocumentCenter.swift (in target 'EusoTrip' from project 'EusoTrip')
    cd /Users/diegousoro/Desktop/EusoTrip\ by\ Eusorone\ Technologies,\ Inc
    

SwiftCompile normal arm64 /Users/diegousoro/Desktop/EusoTrip\ by\ Eusorone\ Technologies,\ Inc/EusoTrip/Views/Shipper/227_ShipperSettlementDetail.swift (in target 'EusoTrip' from project 'EusoTrip')
    cd /Users/diegousoro/Desktop/EusoTrip\ by\ Eusorone\ Technologies,\ Inc
    

SwiftCompile normal arm64 /Users/diegousoro/Desktop/EusoTrip\ by\ Eusorone\ Technologies,\ Inc/EusoTrip/Views/Shipper/229_ShipperBOLUpload.swift (in target 'EusoTrip' from project 'EusoTrip')
    cd /Users/diegousoro/Desktop/EusoTrip\ by\ Eusorone\ Technologies,\ Inc
    

SwiftCompile normal arm64 /Users/diegousoro/Desktop/EusoTrip\ by\ Eusorone\ Technologies,\ Inc/EusoTrip/Views/Carrier/301_CarrierLoads.swift (in target 'EusoTrip' from project 'EusoTrip')
    cd /Users/diegousoro/Desktop/EusoTrip\ by\ Eusorone\ Technologies,\ Inc
    

SwiftCompile normal arm64 /Users/diegousoro/Desktop/EusoTrip\ by\ Eusorone\ Technologies,\ Inc/EusoTrip/Views/Carrier/302_CarrierLoadDetail.swift (in target 'EusoTrip' from project 'EusoTrip')
    cd /Users/diegousoro/Desktop/EusoTrip\ by\ Eusorone\ Technologies,\ Inc
    

SwiftCompile normal arm64 /Users/diegousoro/Desktop/EusoTrip\ by\ Eusorone\ Technologies,\ Inc/EusoTrip/Views/Broker/402_BrokerTenderDetail.swift (in target 'EusoTrip' from project 'EusoTrip')
    cd /Users/diegousoro/Desktop/EusoTrip\ by\ Eusorone\ Technologies,\ Inc
    

SwiftCompile normal arm64 Compiling\ DL126_DriverCELM04Septet.swift,\ 531_DispatcherClosedKanbanCelM04.swift,\ DL091_DriverLifecycleEntryTrio.swift,\ DL094_DriverLifecycleSeptet.swift,\ DL101_DriverBackhaulDVIROctet.swift /Users/diegousoro/Desktop/EusoTrip\ by\ Eusorone\ Technologies,\ Inc/EusoTrip/Views/Driver/DL126_DriverCELM04Septet.swift /Users/diegousoro/Desktop/EusoTrip\ by\ Eusorone\ Technologies,\ Inc/EusoTrip/Views/Dispatch/531_DispatcherClosedKanbanCelM04.swift /Users/diegousoro/Desktop/EusoTrip\ by\ Eusorone\ Technologies,\ Inc/EusoTrip/Views/Driver/DL091_DriverLifecycleEntryTrio.swift /Users/diegousoro/Desktop/EusoTrip\ by\ Eusorone\ Technologies,\ Inc/EusoTrip/Views/Driver/DL094_DriverLifecycleSeptet.swift /Users/diegousoro/Desktop/EusoTrip\ by\ Eusorone\ Technologies,\ Inc/EusoTrip/Views/Driver/DL101_DriverBackhaulDVIROctet.swift (in target 'EusoTrip' from project 'EusoTrip')

SwiftCompile normal arm64 /Users/diegousoro/Desktop/EusoTrip\ by\ Eusorone\ Technologies,\ Inc/EusoTrip/Views/Driver/DL126_DriverCELM04Septet.swift (in target 'EusoTrip' from project 'EusoTrip')
    cd /Users/diegousoro/Desktop/EusoTrip\ by\ Eusorone\ Technologies,\ Inc
    

SwiftCompile normal arm64 /Users/diegousoro/Desktop/EusoTrip\ by\ Eusorone\ Technologies,\ Inc/EusoTrip/Views/Dispatch/531_DispatcherClosedKanbanCelM04.swift (in target 'EusoTrip' from project 'EusoTrip')
    cd /Users/diegousoro/Desktop/EusoTrip\ by\ Eusorone\ Technologies,\ Inc
    

SwiftCompile normal arm64 /Users/diegousoro/Desktop/EusoTrip\ by\ Eusorone\ Technologies,\ Inc/EusoTrip/Views/Driver/DL091_DriverLifecycleEntryTrio.swift (in target 'EusoTrip' from project 'EusoTrip')
    cd /Users/diegousoro/Desktop/EusoTrip\ by\ Eusorone\ Technologies,\ Inc
    

SwiftCompile normal arm64 /Users/diegousoro/Desktop/EusoTrip\ by\ Eusorone\ Technologies,\ Inc/EusoTrip/Views/Driver/DL094_DriverLifecycleSeptet.swift (in target 'EusoTrip' from project 'EusoTrip')
    cd /Users/diegousoro/Desktop/EusoTrip\ by\ Eusorone\ Technologies,\ Inc
    

SwiftCompile normal arm64 /Users/diegousoro/Desktop/EusoTrip\ by\ Eusorone\ Technologies,\ Inc/EusoTrip/Views/Driver/DL101_DriverBackhaulDVIROctet.swift (in target 'EusoTrip' from project 'EusoTrip')
    cd /Users/diegousoro/Desktop/EusoTrip\ by\ Eusorone\ Technologies,\ Inc
    

SwiftEmitModule normal arm64 Emitting\ module\ for\ EusoTrip (in target 'EusoTrip' from project 'EusoTrip')
EmitSwiftModule normal arm64 (in target 'EusoTrip' from project 'EusoTrip')
    cd /Users/diegousoro/Desktop/EusoTrip\ by\ Eusorone\ Technologies,\ Inc
    

SwiftCompile normal arm64 Compiling\ 500_CatalystHome.swift,\ 300_CatalystHome.swift,\ 348_CatalystShipperCounterReceipt.swift,\ 349_CatalystAwardedConfirmation.swift,\ 377_CatalystPaperworkSettlementPrepCelM04.swift,\ 378_CatalystClosedPayoutCelM04.swift /Users/diegousoro/Desktop/EusoTrip\ by\ Eusorone\ Technologies,\ Inc/EusoTrip/Views/Catalyst/500_CatalystHome.swift /Users/diegousoro/Desktop/EusoTrip\ by\ Eusorone\ Technologies,\ Inc/EusoTrip/Views/Catalyst/300_CatalystHome.swift /Users/diegousoro/Desktop/EusoTrip\ by\ Eusorone\ Technologies,\ Inc/EusoTrip/Views/Catalyst/348_CatalystShipperCounterReceipt.swift /Users/diegousoro/Desktop/EusoTrip\ by\ Eusorone\ Technologies,\ Inc/EusoTrip/Views/Catalyst/349_CatalystAwardedConfirmation.swift /Users/diegousoro/Desktop/EusoTrip\ by\ Eusorone\ Technologies,\ Inc/EusoTrip/Views/Catalyst/377_CatalystPaperworkSettlementPrepCelM04.swift /Users/diegousoro/Desktop/EusoTrip\ by\ Eusorone\ Technologies,\ Inc/EusoTrip/Views/Catalyst/378_CatalystClosedPayoutCelM04.swift (in target 'EusoTrip' from project 'EusoTrip')

SwiftCompile normal arm64 /Users/diegousoro/Desktop/EusoTrip\ by\ Eusorone\ Technologies,\ Inc/EusoTrip/Views/Catalyst/500_CatalystHome.swift (in target 'EusoTrip' from project 'EusoTrip')
    cd /Users/diegousoro/Desktop/EusoTrip\ by\ Eusorone\ Technologies,\ Inc
    

SwiftCompile normal arm64 /Users/diegousoro/Desktop/EusoTrip\ by\ Eusorone\ Technologies,\ Inc/EusoTrip/Views/Catalyst/300_CatalystHome.swift (in target 'EusoTrip' from project 'EusoTrip')
    cd /Users/diegousoro/Desktop/EusoTrip\ by\ Eusorone\ Technologies,\ Inc
    

SwiftCompile normal arm64 /Users/diegousoro/Desktop/EusoTrip\ by\ Eusorone\ Technologies,\ Inc/EusoTrip/Views/Catalyst/348_CatalystShipperCounterReceipt.swift (in target 'EusoTrip' from project 'EusoTrip')
    cd /Users/diegousoro/Desktop/EusoTrip\ by\ Eusorone\ Technologies,\ Inc
    

SwiftCompile normal arm64 /Users/diegousoro/Desktop/EusoTrip\ by\ Eusorone\ Technologies,\ Inc/EusoTrip/Views/Catalyst/349_CatalystAwardedConfirmation.swift (in target 'EusoTrip' from project 'EusoTrip')
    cd /Users/diegousoro/Desktop/EusoTrip\ by\ Eusorone\ Technologies,\ Inc
    

SwiftCompile normal arm64 /Users/diegousoro/Desktop/EusoTrip\ by\ Eusorone\ Technologies,\ Inc/EusoTrip/Views/Catalyst/377_CatalystPaperworkSettlementPrepCelM04.swift (in target 'EusoTrip' from project 'EusoTrip')
    cd /Users/diegousoro/Desktop/EusoTrip\ by\ Eusorone\ Technologies,\ Inc
    

SwiftCompile normal arm64 /Users/diegousoro/Desktop/EusoTrip\ by\ Eusorone\ Technologies,\ Inc/EusoTrip/Views/Catalyst/378_CatalystClosedPayoutCelM04.swift (in target 'EusoTrip' from project 'EusoTrip')
    cd /Users/diegousoro/Desktop/EusoTrip\ by\ Eusorone\ Technologies,\ Inc
    

SwiftEmitModule normal x86_64 Emitting\ module\ for\ EusoTrip (in target 'EusoTrip' from project 'EusoTrip')
EmitSwiftModule normal x86_64 (in target 'EusoTrip' from project 'EusoTrip')
    cd /Users/diegousoro/Desktop/EusoTrip\ by\ Eusorone\ Technologies,\ Inc
    

SwiftCompile normal x86_64 Compiling\ DL126_DriverCELM04Septet.swift,\ 531_DispatcherClosedKanbanCelM04.swift,\ DL091_DriverLifecycleEntryTrio.swift,\ DL094_DriverLifecycleSeptet.swift,\ DL101_DriverBackhaulDVIROctet.swift /Users/diegousoro/Desktop/EusoTrip\ by\ Eusorone\ Technologies,\ Inc/EusoTrip/Views/Driver/DL126_DriverCELM04Septet.swift /Users/diegousoro/Desktop/EusoTrip\ by\ Eusorone\ Technologies,\ Inc/EusoTrip/Views/Dispatch/531_DispatcherClosedKanbanCelM04.swift /Users/diegousoro/Desktop/EusoTrip\ by\ Eusorone\ Technologies,\ Inc/EusoTrip/Views/Driver/DL091_DriverLifecycleEntryTrio.swift /Users/diegousoro/Desktop/EusoTrip\ by\ Eusorone\ Technologies,\ Inc/EusoTrip/Views/Driver/DL094_DriverLifecycleSeptet.swift /Users/diegousoro/Desktop/EusoTrip\ by\ Eusorone\ Technologies,\ Inc/EusoTrip/Views/Driver/DL101_DriverBackhaulDVIROctet.swift (in target 'EusoTrip' from project 'EusoTrip')

SwiftCompile normal x86_64 /Users/diegousoro/Desktop/EusoTrip\ by\ Eusorone\ Technologies,\ Inc/EusoTrip/Views/Driver/DL126_DriverCELM04Septet.swift (in target 'EusoTrip' from project 'EusoTrip')
    cd /Users/diegousoro/Desktop/EusoTrip\ by\ Eusorone\ Technologies,\ Inc
    

SwiftCompile normal x86_64 /Users/diegousoro/Desktop/EusoTrip\ by\ Eusorone\ Technologies,\ Inc/EusoTrip/Views/Dispatch/531_DispatcherClosedKanbanCelM04.swift (in target 'EusoTrip' from project 'EusoTrip')
    cd /Users/diegousoro/Desktop/EusoTrip\ by\ Eusorone\ Technologies,\ Inc
    

SwiftCompile normal x86_64 /Users/diegousoro/Desktop/EusoTrip\ by\ Eusorone\ Technologies,\ Inc/EusoTrip/Views/Driver/DL091_DriverLifecycleEntryTrio.swift (in target 'EusoTrip' from project 'EusoTrip')
    cd /Users/diegousoro/Desktop/EusoTrip\ by\ Eusorone\ Technologies,\ Inc
    

SwiftCompile normal x86_64 /Users/diegousoro/Desktop/EusoTrip\ by\ Eusorone\ Technologies,\ Inc/EusoTrip/Views/Driver/DL094_DriverLifecycleSeptet.swift (in target 'EusoTrip' from project 'EusoTrip')
    cd /Users/diegousoro/Desktop/EusoTrip\ by\ Eusorone\ Technologies,\ Inc
    

SwiftCompile normal x86_64 /Users/diegousoro/Desktop/EusoTrip\ by\ Eusorone\ Technologies,\ Inc/EusoTrip/Views/Driver/DL101_DriverBackhaulDVIROctet.swift (in target 'EusoTrip' from project 'EusoTrip')
    cd /Users/diegousoro/Desktop/EusoTrip\ by\ Eusorone\ Technologies,\ Inc
    

SwiftCompile normal x86_64 Compiling\ 500_CatalystHome.swift,\ 300_CatalystHome.swift,\ 348_CatalystShipperCounterReceipt.swift,\ 349_CatalystAwardedConfirmation.swift,\ 377_CatalystPaperworkSettlementPrepCelM04.swift,\ 378_CatalystClosedPayoutCelM04.swift /Users/diegousoro/Desktop/EusoTrip\ by\ Eusorone\ Technologies,\ Inc/EusoTrip/Views/Catalyst/500_CatalystHome.swift /Users/diegousoro/Desktop/EusoTrip\ by\ Eusorone\ Technologies,\ Inc/EusoTrip/Views/Catalyst/300_CatalystHome.swift /Users/diegousoro/Desktop/EusoTrip\ by\ Eusorone\ Technologies,\ Inc/EusoTrip/Views/Catalyst/348_CatalystShipperCounterReceipt.swift /Users/diegousoro/Desktop/EusoTrip\ by\ Eusorone\ Technologies,\ Inc/EusoTrip/Views/Catalyst/349_CatalystAwardedConfirmation.swift /Users/diegousoro/Desktop/EusoTrip\ by\ Eusorone\ Technologies,\ Inc/EusoTrip/Views/Catalyst/377_CatalystPaperworkSettlementPrepCelM04.swift /Users/diegousoro/Desktop/EusoTrip\ by\ Eusorone\ Technologies,\ Inc/EusoTrip/Views/Catalyst/378_CatalystClosedPayoutCelM04.swift (in target 'EusoTrip' from project 'EusoTrip')

SwiftCompile normal x86_64 /Users/diegousoro/Desktop/EusoTrip\ by\ Eusorone\ Technologies,\ Inc/EusoTrip/Views/Catalyst/500_CatalystHome.swift (in target 'EusoTrip' from project 'EusoTrip')
    cd /Users/diegousoro/Desktop/EusoTrip\ by\ Eusorone\ Technologies,\ Inc
    

SwiftCompile normal x86_64 /Users/diegousoro/Desktop/EusoTrip\ by\ Eusorone\ Technologies,\ Inc/EusoTrip/Views/Catalyst/300_CatalystHome.swift (in target 'EusoTrip' from project 'EusoTrip')
    cd /Users/diegousoro/Desktop/EusoTrip\ by\ Eusorone\ Technologies,\ Inc
    

SwiftCompile normal x86_64 /Users/diegousoro/Desktop/EusoTrip\ by\ Eusorone\ Technologies,\ Inc/EusoTrip/Views/Catalyst/348_CatalystShipperCounterReceipt.swift (in target 'EusoTrip' from project 'EusoTrip')
    cd /Users/diegousoro/Desktop/EusoTrip\ by\ Eusorone\ Technologies,\ Inc
    

SwiftCompile normal x86_64 /Users/diegousoro/Desktop/EusoTrip\ by\ Eusorone\ Technologies,\ Inc/EusoTrip/Views/Catalyst/349_CatalystAwardedConfirmation.swift (in target 'EusoTrip' from project 'EusoTrip')
    cd /Users/diegousoro/Desktop/EusoTrip\ by\ Eusorone\ Technologies,\ Inc
    

SwiftCompile normal x86_64 /Users/diegousoro/Desktop/EusoTrip\ by\ Eusorone\ Technologies,\ Inc/EusoTrip/Views/Catalyst/377_CatalystPaperworkSettlementPrepCelM04.swift (in target 'EusoTrip' from project 'EusoTrip')
    cd /Users/diegousoro/Desktop/EusoTrip\ by\ Eusorone\ Technologies,\ Inc
    

SwiftCompile normal x86_64 /Users/diegousoro/Desktop/EusoTrip\ by\ Eusorone\ Technologies,\ Inc/EusoTrip/Views/Catalyst/378_CatalystClosedPayoutCelM04.swift (in target 'EusoTrip' from project 'EusoTrip')
    cd /Users/diegousoro/Desktop/EusoTrip\ by\ Eusorone\ Technologies,\ Inc
    

SwiftDriverJobDiscovery normal arm64 Compiling 500_CatalystHome.swift, 300_CatalystHome.swift, 348_CatalystShipperCounterReceipt.swift, 349_CatalystAwardedConfirmation.swift, 377_CatalystPaperworkSettlementPrepCelM04.swift, 378_CatalystClosedPayoutCelM04.swift (in target 'EusoTrip' from project 'EusoTrip')

SwiftCompile normal x86_64 Compiling\ 643_RailETAPrediction.swift,\ 630_RailCrossDockOperations.swift,\ 312_CarrierEarningsHome.swift,\ 214_ShipperSustainability.swift,\ 215_ShipperRFP.swift,\ 216_ShipperCompliance.swift /Users/diegousoro/Desktop/EusoTrip\ by\ Eusorone\ Technologies,\ Inc/EusoTrip/Views/Rail/643_RailETAPrediction.swift /Users/diegousoro/Desktop/EusoTrip\ by\ Eusorone\ Technologies,\ Inc/EusoTrip/Views/Rail/630_RailCrossDockOperations.swift /Users/diegousoro/Desktop/EusoTrip\ by\ Eusorone\ Technologies,\ Inc/EusoTrip/Views/Carrier/312_CarrierEarningsHome.swift /Users/diegousoro/Desktop/EusoTrip\ by\ Eusorone\ Technologies,\ Inc/EusoTrip/Views/Shipper/214_ShipperSustainability.swift /Users/diegousoro/Desktop/EusoTrip\ by\ Eusorone\ Technologies,\ Inc/EusoTrip/Views/Shipper/215_ShipperRFP.swift /Users/diegousoro/Desktop/EusoTrip\ by\ Eusorone\ Technologies,\ Inc/EusoTrip/Views/Shipper/216_ShipperCompliance.swift (in target 'EusoTrip' from project 'EusoTrip')

SwiftCompile normal x86_64 /Users/diegousoro/Desktop/EusoTrip\ by\ Eusorone\ Technologies,\ Inc/EusoTrip/Views/Rail/643_RailETAPrediction.swift (in target 'EusoTrip' from project 'EusoTrip')
    cd /Users/diegousoro/Desktop/EusoTrip\ by\ Eusorone\ Technologies,\ Inc
    

SwiftCompile normal x86_64 /Users/diegousoro/Desktop/EusoTrip\ by\ Eusorone\ Technologies,\ Inc/EusoTrip/Views/Rail/630_RailCrossDockOperations.swift (in target 'EusoTrip' from project 'EusoTrip')
    cd /Users/diegousoro/Desktop/EusoTrip\ by\ Eusorone\ Technologies,\ Inc
    

SwiftCompile normal x86_64 /Users/diegousoro/Desktop/EusoTrip\ by\ Eusorone\ Technologies,\ Inc/EusoTrip/Views/Carrier/312_CarrierEarningsHome.swift (in target 'EusoTrip' from project 'EusoTrip')
    cd /Users/diegousoro/Desktop/EusoTrip\ by\ Eusorone\ Technologies,\ Inc
    

SwiftCompile normal x86_64 /Users/diegousoro/Desktop/EusoTrip\ by\ Eusorone\ Technologies,\ Inc/EusoTrip/Views/Shipper/214_ShipperSustainability.swift (in target 'EusoTrip' from project 'EusoTrip')
    cd /Users/diegousoro/Desktop/EusoTrip\ by\ Eusorone\ Technologies,\ Inc
    

SwiftCompile normal x86_64 /Users/diegousoro/Desktop/EusoTrip\ by\ Eusorone\ Technologies,\ Inc/EusoTrip/Views/Shipper/215_ShipperRFP.swift (in target 'EusoTrip' from project 'EusoTrip')
    cd /Users/diegousoro/Desktop/EusoTrip\ by\ Eusorone\ Technologies,\ Inc
    

SwiftCompile normal x86_64 /Users/diegousoro/Desktop/EusoTrip\ by\ Eusorone\ Technologies,\ Inc/EusoTrip/Views/Shipper/216_ShipperCompliance.swift (in target 'EusoTrip' from project 'EusoTrip')
    cd /Users/diegousoro/Desktop/EusoTrip\ by\ Eusorone\ Technologies,\ Inc
    

SwiftDriverJobDiscovery normal arm64 Compiling 226_ShipperDocumentCenter.swift, 227_ShipperSettlementDetail.swift, 229_ShipperBOLUpload.swift, 301_CarrierLoads.swift, 302_CarrierLoadDetail.swift, 402_BrokerTenderDetail.swift (in target 'EusoTrip' from project 'EusoTrip')

SwiftCompile normal x86_64 Compiling\ 373_CatalystAwardedCelM04.swift,\ 782_VesselDwellAnalysis.swift,\ 683_VesselFleetHealth.swift,\ 002_VesselBookingDetail.swift,\ 662_VesselExceptionsHolds.swift,\ 673_VesselContainerLease.swift /Users/diegousoro/Desktop/EusoTrip\ by\ Eusorone\ Technologies,\ Inc/EusoTrip/Views/Catalyst/373_CatalystAwardedCelM04.swift /Users/diegousoro/Desktop/EusoTrip\ by\ Eusorone\ Technologies,\ Inc/EusoTrip/Views/Vessel/782_VesselDwellAnalysis.swift /Users/diegousoro/Desktop/EusoTrip\ by\ Eusorone\ Technologies,\ Inc/EusoTrip/Views/Vessel/683_VesselFleetHealth.swift /Users/diegousoro/Desktop/EusoTrip\ by\ Eusorone\ Technologies,\ Inc/EusoTrip/Views/Vessel/002_VesselBookingDetail.swift /Users/diegousoro/Desktop/EusoTrip\ by\ Eusorone\ Technologies,\ Inc/EusoTrip/Views/Vessel/662_VesselExceptionsHolds.swift /Users/diegousoro/Desktop/EusoTrip\ by\ Eusorone\ Technologies,\ Inc/EusoTrip/Views/Vessel/673_VesselContainerLease.swift (in target 'EusoTrip' from project 'EusoTrip')

SwiftCompile normal x86_64 /Users/diegousoro/Desktop/EusoTrip\ by\ Eusorone\ Technologies,\ Inc/EusoTrip/Views/Catalyst/373_CatalystAwardedCelM04.swift (in target 'EusoTrip' from project 'EusoTrip')
    cd /Users/diegousoro/Desktop/EusoTrip\ by\ Eusorone\ Technologies,\ Inc
    

SwiftCompile normal x86_64 /Users/diegousoro/Desktop/EusoTrip\ by\ Eusorone\ Technologies,\ Inc/EusoTrip/Views/Vessel/782_VesselDwellAnalysis.swift (in target 'EusoTrip' from project 'EusoTrip')
    cd /Users/diegousoro/Desktop/EusoTrip\ by\ Eusorone\ Technologies,\ Inc
    

SwiftCompile normal x86_64 /Users/diegousoro/Desktop/EusoTrip\ by\ Eusorone\ Technologies,\ Inc/EusoTrip/Views/Vessel/683_VesselFleetHealth.swift (in target 'EusoTrip' from project 'EusoTrip')
    cd /Users/diegousoro/Desktop/EusoTrip\ by\ Eusorone\ Technologies,\ Inc
    

SwiftCompile normal x86_64 /Users/diegousoro/Desktop/EusoTrip\ by\ Eusorone\ Technologies,\ Inc/EusoTrip/Views/Vessel/002_VesselBookingDetail.swift (in target 'EusoTrip' from project 'EusoTrip')
    cd /Users/diegousoro/Desktop/EusoTrip\ by\ Eusorone\ Technologies,\ Inc
    

SwiftCompile normal x86_64 /Users/diegousoro/Desktop/EusoTrip\ by\ Eusorone\ Technologies,\ Inc/EusoTrip/Views/Vessel/662_VesselExceptionsHolds.swift (in target 'EusoTrip' from project 'EusoTrip')
    cd /Users/diegousoro/Desktop/EusoTrip\ by\ Eusorone\ Technologies,\ Inc
    

SwiftCompile normal x86_64 /Users/diegousoro/Desktop/EusoTrip\ by\ Eusorone\ Technologies,\ Inc/EusoTrip/Views/Vessel/673_VesselContainerLease.swift (in target 'EusoTrip' from project 'EusoTrip')
    cd /Users/diegousoro/Desktop/EusoTrip\ by\ Eusorone\ Technologies,\ Inc
    

SwiftDriverJobDiscovery normal arm64 Compiling 373_CatalystAwardedCelM04.swift, 782_VesselDwellAnalysis.swift, 683_VesselFleetHealth.swift, 002_VesselBookingDetail.swift, 662_VesselExceptionsHolds.swift, 673_VesselContainerLease.swift (in target 'EusoTrip' from project 'EusoTrip')

SwiftCompile normal x86_64 Compiling\ 226_ShipperDocumentCenter.swift,\ 227_ShipperSettlementDetail.swift,\ 229_ShipperBOLUpload.swift,\ 301_CarrierLoads.swift,\ 302_CarrierLoadDetail.swift,\ 402_BrokerTenderDetail.swift /Users/diegousoro/Desktop/EusoTrip\ by\ Eusorone\ Technologies,\ Inc/EusoTrip/Views/Shipper/226_ShipperDocumentCenter.swift /Users/diegousoro/Desktop/EusoTrip\ by\ Eusorone\ Technologies,\ Inc/EusoTrip/Views/Shipper/227_ShipperSettlementDetail.swift /Users/diegousoro/Desktop/EusoTrip\ by\ Eusorone\ Technologies,\ Inc/EusoTrip/Views/Shipper/229_ShipperBOLUpload.swift /Users/diegousoro/Desktop/EusoTrip\ by\ Eusorone\ Technologies,\ Inc/EusoTrip/Views/Carrier/301_CarrierLoads.swift /Users/diegousoro/Desktop/EusoTrip\ by\ Eusorone\ Technologies,\ Inc/EusoTrip/Views/Carrier/302_CarrierLoadDetail.swift /Users/diegousoro/Desktop/EusoTrip\ by\ Eusorone\ Technologies,\ Inc/EusoTrip/Views/Broker/402_BrokerTenderDetail.swift (in target 'EusoTrip' from project 'EusoTrip')

SwiftCompile normal x86_64 /Users/diegousoro/Desktop/EusoTrip\ by\ Eusorone\ Technologies,\ Inc/EusoTrip/Views/Shipper/226_ShipperDocumentCenter.swift (in target 'EusoTrip' from project 'EusoTrip')
    cd /Users/diegousoro/Desktop/EusoTrip\ by\ Eusorone\ Technologies,\ Inc
    

SwiftCompile normal x86_64 /Users/diegousoro/Desktop/EusoTrip\ by\ Eusorone\ Technologies,\ Inc/EusoTrip/Views/Shipper/227_ShipperSettlementDetail.swift (in target 'EusoTrip' from project 'EusoTrip')
    cd /Users/diegousoro/Desktop/EusoTrip\ by\ Eusorone\ Technologies,\ Inc
    

SwiftCompile normal x86_64 /Users/diegousoro/Desktop/EusoTrip\ by\ Eusorone\ Technologies,\ Inc/EusoTrip/Views/Shipper/229_ShipperBOLUpload.swift (in target 'EusoTrip' from project 'EusoTrip')
    cd /Users/diegousoro/Desktop/EusoTrip\ by\ Eusorone\ Technologies,\ Inc
    

SwiftCompile normal x86_64 /Users/diegousoro/Desktop/EusoTrip\ by\ Eusorone\ Technologies,\ Inc/EusoTrip/Views/Carrier/301_CarrierLoads.swift (in target 'EusoTrip' from project 'EusoTrip')
    cd /Users/diegousoro/Desktop/EusoTrip\ by\ Eusorone\ Technologies,\ Inc
    

SwiftCompile normal x86_64 /Users/diegousoro/Desktop/EusoTrip\ by\ Eusorone\ Technologies,\ Inc/EusoTrip/Views/Carrier/302_CarrierLoadDetail.swift (in target 'EusoTrip' from project 'EusoTrip')
    cd /Users/diegousoro/Desktop/EusoTrip\ by\ Eusorone\ Technologies,\ Inc
    

SwiftCompile normal x86_64 /Users/diegousoro/Desktop/EusoTrip\ by\ Eusorone\ Technologies,\ Inc/EusoTrip/Views/Broker/402_BrokerTenderDetail.swift (in target 'EusoTrip' from project 'EusoTrip')
    cd /Users/diegousoro/Desktop/EusoTrip\ by\ Eusorone\ Technologies,\ Inc
    

SwiftDriverJobDiscovery normal arm64 Compiling DL126_DriverCELM04Septet.swift, 531_DispatcherClosedKanbanCelM04.swift, DL091_DriverLifecycleEntryTrio.swift, DL094_DriverLifecycleSeptet.swift, DL101_DriverBackhaulDVIROctet.swift (in target 'EusoTrip' from project 'EusoTrip')

SwiftCompile normal arm64 Compiling\ 600_EscortHome.swift,\ 601_EscortAssignmentDetail.swift,\ 602_EscortCorridorMap.swift,\ 700_TerminalHome.swift,\ 701_TerminalGateQueue.swift /Users/diegousoro/Desktop/EusoTrip\ by\ Eusorone\ Technologies,\ Inc/EusoTrip/Views/Escort/600_EscortHome.swift /Users/diegousoro/Desktop/EusoTrip\ by\ Eusorone\ Technologies,\ Inc/EusoTrip/Views/Escort/601_EscortAssignmentDetail.swift /Users/diegousoro/Desktop/EusoTrip\ by\ Eusorone\ Technologies,\ Inc/EusoTrip/Views/Escort/602_EscortCorridorMap.swift /Users/diegousoro/Desktop/EusoTrip\ by\ Eusorone\ Technologies,\ Inc/EusoTrip/Views/Terminal/700_TerminalHome.swift /Users/diegousoro/Desktop/EusoTrip\ by\ Eusorone\ Technologies,\ Inc/EusoTrip/Views/Terminal/701_TerminalGateQueue.swift (in target 'EusoTrip' from project 'EusoTrip')

SwiftCompile normal arm64 /Users/diegousoro/Desktop/EusoTrip\ by\ Eusorone\ Technologies,\ Inc/EusoTrip/Views/Escort/600_EscortHome.swift (in target 'EusoTrip' from project 'EusoTrip')
    cd /Users/diegousoro/Desktop/EusoTrip\ by\ Eusorone\ Technologies,\ Inc
    

SwiftCompile normal arm64 /Users/diegousoro/Desktop/EusoTrip\ by\ Eusorone\ Technologies,\ Inc/EusoTrip/Views/Escort/601_EscortAssignmentDetail.swift (in target 'EusoTrip' from project 'EusoTrip')
    cd /Users/diegousoro/Desktop/EusoTrip\ by\ Eusorone\ Technologies,\ Inc
    

SwiftCompile normal arm64 /Users/diegousoro/Desktop/EusoTrip\ by\ Eusorone\ Technologies,\ Inc/EusoTrip/Views/Escort/602_EscortCorridorMap.swift (in target 'EusoTrip' from project 'EusoTrip')
    cd /Users/diegousoro/Desktop/EusoTrip\ by\ Eusorone\ Technologies,\ Inc
    

SwiftCompile normal arm64 /Users/diegousoro/Desktop/EusoTrip\ by\ Eusorone\ Technologies,\ Inc/EusoTrip/Views/Terminal/700_TerminalHome.swift (in target 'EusoTrip' from project 'EusoTrip')
    cd /Users/diegousoro/Desktop/EusoTrip\ by\ Eusorone\ Technologies,\ Inc
    

SwiftCompile normal arm64 /Users/diegousoro/Desktop/EusoTrip\ by\ Eusorone\ Technologies,\ Inc/EusoTrip/Views/Terminal/701_TerminalGateQueue.swift (in target 'EusoTrip' from project 'EusoTrip')
    cd /Users/diegousoro/Desktop/EusoTrip\ by\ Eusorone\ Technologies,\ Inc
    

SwiftDriverJobDiscovery normal x86_64 Compiling DL126_DriverCELM04Septet.swift, 531_DispatcherClosedKanbanCelM04.swift, DL091_DriverLifecycleEntryTrio.swift, DL094_DriverLifecycleSeptet.swift, DL101_DriverBackhaulDVIROctet.swift (in target 'EusoTrip' from project 'EusoTrip')

SwiftCompile normal arm64 Compiling\ 702_TerminalYardMap.swift,\ 800_AdminHome.swift,\ 801_AdminControlTower.swift,\ 802_AdminTenants.swift,\ 803_AdminTenantDetail.swift /Users/diegousoro/Desktop/EusoTrip\ by\ Eusorone\ Technologies,\ Inc/EusoTrip/Views/Terminal/702_TerminalYardMap.swift /Users/diegousoro/Desktop/EusoTrip\ by\ Eusorone\ Technologies,\ Inc/EusoTrip/Views/Admin/800_AdminHome.swift /Users/diegousoro/Desktop/EusoTrip\ by\ Eusorone\ Technologies,\ Inc/EusoTrip/Views/Admin/801_AdminControlTower.swift /Users/diegousoro/Desktop/EusoTrip\ by\ Eusorone\ Technologies,\ Inc/EusoTrip/Views/Admin/802_AdminTenants.swift /Users/diegousoro/Desktop/EusoTrip\ by\ Eusorone\ Technologies,\ Inc/EusoTrip/Views/Admin/803_AdminTenantDetail.swift (in target 'EusoTrip' from project 'EusoTrip')

SwiftCompile normal arm64 /Users/diegousoro/Desktop/EusoTrip\ by\ Eusorone\ Technologies,\ Inc/EusoTrip/Views/Terminal/702_TerminalYardMap.swift (in target 'EusoTrip' from project 'EusoTrip')
    cd /Users/diegousoro/Desktop/EusoTrip\ by\ Eusorone\ Technologies,\ Inc
    

SwiftCompile normal arm64 /Users/diegousoro/Desktop/EusoTrip\ by\ Eusorone\ Technologies,\ Inc/EusoTrip/Views/Admin/800_AdminHome.swift (in target 'EusoTrip' from project 'EusoTrip')
    cd /Users/diegousoro/Desktop/EusoTrip\ by\ Eusorone\ Technologies,\ Inc
    

SwiftCompile normal arm64 /Users/diegousoro/Desktop/EusoTrip\ by\ Eusorone\ Technologies,\ Inc/EusoTrip/Views/Admin/801_AdminControlTower.swift (in target 'EusoTrip' from project 'EusoTrip')
    cd /Users/diegousoro/Desktop/EusoTrip\ by\ Eusorone\ Technologies,\ Inc
    

SwiftCompile normal arm64 /Users/diegousoro/Desktop/EusoTrip\ by\ Eusorone\ Technologies,\ Inc/EusoTrip/Views/Admin/802_AdminTenants.swift (in target 'EusoTrip' from project 'EusoTrip')
    cd /Users/diegousoro/Desktop/EusoTrip\ by\ Eusorone\ Technologies,\ Inc
    

SwiftCompile normal arm64 /Users/diegousoro/Desktop/EusoTrip\ by\ Eusorone\ Technologies,\ Inc/EusoTrip/Views/Admin/803_AdminTenantDetail.swift (in target 'EusoTrip' from project 'EusoTrip')
    cd /Users/diegousoro/Desktop/EusoTrip\ by\ Eusorone\ Technologies,\ Inc
    

SwiftDriverJobDiscovery normal arm64 Compiling 212_ShipperControlTower.swift, 213_ShipperCatalystScorecard.swift, 325_InsuranceDetail.swift, 593_RailSettlementBatch.swift, 595_RailCrewCertifications.swift, 641_RailDemurrageAnalytics.swift (in target 'EusoTrip' from project 'EusoTrip')

SwiftCompile normal x86_64 Compiling\ 069_MeWallet.swift,\ 105_MeAuthority.swift,\ ZeunMechanicsScreens.swift,\ MeComplianceView.swift,\ 402_DispatcherProfile.swift,\ 673_RailIntermodalDashboard.swift /Users/diegousoro/Desktop/EusoTrip\ by\ Eusorone\ Technologies,\ Inc/EusoTrip/Views/Driver/069_MeWallet.swift /Users/diegousoro/Desktop/EusoTrip\ by\ Eusorone\ Technologies,\ Inc/EusoTrip/Views/Driver/105_MeAuthority.swift /Users/diegousoro/Desktop/EusoTrip\ by\ Eusorone\ Technologies,\ Inc/EusoTrip/Views/Driver/ZeunMechanicsScreens.swift /Users/diegousoro/Desktop/EusoTrip\ by\ Eusorone\ Technologies,\ Inc/EusoTrip/Views/Driver/MeComplianceView.swift /Users/diegousoro/Desktop/EusoTrip\ by\ Eusorone\ Technologies,\ Inc/EusoTrip/Views/Dispatch/402_DispatcherProfile.swift /Users/diegousoro/Desktop/EusoTrip\ by\ Eusorone\ Technologies,\ Inc/EusoTrip/Views/Rail/673_RailIntermodalDashboard.swift (in target 'EusoTrip' from project 'EusoTrip')

SwiftCompile normal x86_64 /Users/diegousoro/Desktop/EusoTrip\ by\ Eusorone\ Technologies,\ Inc/EusoTrip/Views/Driver/069_MeWallet.swift (in target 'EusoTrip' from project 'EusoTrip')
    cd /Users/diegousoro/Desktop/EusoTrip\ by\ Eusorone\ Technologies,\ Inc
    

SwiftCompile normal x86_64 /Users/diegousoro/Desktop/EusoTrip\ by\ Eusorone\ Technologies,\ Inc/EusoTrip/Views/Driver/105_MeAuthority.swift (in target 'EusoTrip' from project 'EusoTrip')
    cd /Users/diegousoro/Desktop/EusoTrip\ by\ Eusorone\ Technologies,\ Inc
    

SwiftCompile normal x86_64 /Users/diegousoro/Desktop/EusoTrip\ by\ Eusorone\ Technologies,\ Inc/EusoTrip/Views/Driver/ZeunMechanicsScreens.swift (in target 'EusoTrip' from project 'EusoTrip')
    cd /Users/diegousoro/Desktop/EusoTrip\ by\ Eusorone\ Technologies,\ Inc
    

SwiftCompile normal x86_64 /Users/diegousoro/Desktop/EusoTrip\ by\ Eusorone\ Technologies,\ Inc/EusoTrip/Views/Driver/MeComplianceView.swift (in target 'EusoTrip' from project 'EusoTrip')
    cd /Users/diegousoro/Desktop/EusoTrip\ by\ Eusorone\ Technologies,\ Inc
    

SwiftCompile normal x86_64 /Users/diegousoro/Desktop/EusoTrip\ by\ Eusorone\ Technologies,\ Inc/EusoTrip/Views/Dispatch/402_DispatcherProfile.swift (in target 'EusoTrip' from project 'EusoTrip')
    cd /Users/diegousoro/Desktop/EusoTrip\ by\ Eusorone\ Technologies,\ Inc
    

SwiftCompile normal x86_64 /Users/diegousoro/Desktop/EusoTrip\ by\ Eusorone\ Technologies,\ Inc/EusoTrip/Views/Rail/673_RailIntermodalDashboard.swift (in target 'EusoTrip' from project 'EusoTrip')
    cd /Users/diegousoro/Desktop/EusoTrip\ by\ Eusorone\ Technologies,\ Inc
    

SwiftDriverJobDiscovery normal arm64 Compiling 684_VesselSettlement.swift, 106B_DriverEusoTicketRenderer.swift, LoadDetailSheet+Adapters.swift, AddPaymentAccountSheet.swift, DriverCounterInboxView.swift, 201_ShipperLoads.swift (in target 'EusoTrip' from project 'EusoTrip')

SwiftCompile normal x86_64 Compiling\ 684_VesselSettlement.swift,\ 106B_DriverEusoTicketRenderer.swift,\ LoadDetailSheet+Adapters.swift,\ AddPaymentAccountSheet.swift,\ DriverCounterInboxView.swift,\ 201_ShipperLoads.swift /Users/diegousoro/Desktop/EusoTrip\ by\ Eusorone\ Technologies,\ Inc/EusoTrip/Views/Vessel/684_VesselSettlement.swift /Users/diegousoro/Desktop/EusoTrip\ by\ Eusorone\ Technologies,\ Inc/EusoTrip/Views/Driver/106B_DriverEusoTicketRenderer.swift /Users/diegousoro/Desktop/EusoTrip\ by\ Eusorone\ Technologies,\ Inc/EusoTrip/Views/Components/LoadDetailSheet+Adapters.swift /Users/diegousoro/Desktop/EusoTrip\ by\ Eusorone\ Technologies,\ Inc/EusoTrip/Views/Driver/AddPaymentAccountSheet.swift /Users/diegousoro/Desktop/EusoTrip\ by\ Eusorone\ Technologies,\ Inc/EusoTrip/Views/Driver/DriverCounterInboxView.swift /Users/diegousoro/Desktop/EusoTrip\ by\ Eusorone\ Technologies,\ Inc/EusoTrip/Views/Shipper/201_ShipperLoads.swift (in target 'EusoTrip' from project 'EusoTrip')

SwiftCompile normal x86_64 /Users/diegousoro/Desktop/EusoTrip\ by\ Eusorone\ Technologies,\ Inc/EusoTrip/Views/Vessel/684_VesselSettlement.swift (in target 'EusoTrip' from project 'EusoTrip')
    cd /Users/diegousoro/Desktop/EusoTrip\ by\ Eusorone\ Technologies,\ Inc
    

SwiftCompile normal x86_64 /Users/diegousoro/Desktop/EusoTrip\ by\ Eusorone\ Technologies,\ Inc/EusoTrip/Views/Driver/106B_DriverEusoTicketRenderer.swift (in target 'EusoTrip' from project 'EusoTrip')
    cd /Users/diegousoro/Desktop/EusoTrip\ by\ Eusorone\ Technologies,\ Inc
    

SwiftCompile normal x86_64 /Users/diegousoro/Desktop/EusoTrip\ by\ Eusorone\ Technologies,\ Inc/EusoTrip/Views/Components/LoadDetailSheet+Adapters.swift (in target 'EusoTrip' from project 'EusoTrip')
    cd /Users/diegousoro/Desktop/EusoTrip\ by\ Eusorone\ Technologies,\ Inc
    

SwiftCompile normal x86_64 /Users/diegousoro/Desktop/EusoTrip\ by\ Eusorone\ Technologies,\ Inc/EusoTrip/Views/Driver/AddPaymentAccountSheet.swift (in target 'EusoTrip' from project 'EusoTrip')
    cd /Users/diegousoro/Desktop/EusoTrip\ by\ Eusorone\ Technologies,\ Inc
    

SwiftCompile normal x86_64 /Users/diegousoro/Desktop/EusoTrip\ by\ Eusorone\ Technologies,\ Inc/EusoTrip/Views/Driver/DriverCounterInboxView.swift (in target 'EusoTrip' from project 'EusoTrip')
    cd /Users/diegousoro/Desktop/EusoTrip\ by\ Eusorone\ Technologies,\ Inc
    

SwiftCompile normal x86_64 /Users/diegousoro/Desktop/EusoTrip\ by\ Eusorone\ Technologies,\ Inc/EusoTrip/Views/Shipper/201_ShipperLoads.swift (in target 'EusoTrip' from project 'EusoTrip')
    cd /Users/diegousoro/Desktop/EusoTrip\ by\ Eusorone\ Technologies,\ Inc
    

SwiftDriverJobDiscovery normal arm64 Compiling 502_CatalystMatchDetail.swift, 304_CatalystFleetDrivers.swift, 312_CatalystHotZones.swift, SH250_ShipperBackhaulEchoSextet.swift, SH256_ShipperBackhaulEchoCloseQuintet.swift, DL109_DriverDVIRContinuationQuintet.swift (in target 'EusoTrip' from project 'EusoTrip')

SwiftCompile normal x86_64 Compiling\ 502_CatalystMatchDetail.swift,\ 304_CatalystFleetDrivers.swift,\ 312_CatalystHotZones.swift,\ SH250_ShipperBackhaulEchoSextet.swift,\ SH256_ShipperBackhaulEchoCloseQuintet.swift,\ DL109_DriverDVIRContinuationQuintet.swift /Users/diegousoro/Desktop/EusoTrip\ by\ Eusorone\ Technologies,\ Inc/EusoTrip/Views/Catalyst/502_CatalystMatchDetail.swift /Users/diegousoro/Desktop/EusoTrip\ by\ Eusorone\ Technologies,\ Inc/EusoTrip/Views/Catalyst/304_CatalystFleetDrivers.swift /Users/diegousoro/Desktop/EusoTrip\ by\ Eusorone\ Technologies,\ Inc/EusoTrip/Views/Catalyst/312_CatalystHotZones.swift /Users/diegousoro/Desktop/EusoTrip\ by\ Eusorone\ Technologies,\ Inc/EusoTrip/Views/Shipper/SH250_ShipperBackhaulEchoSextet.swift /Users/diegousoro/Desktop/EusoTrip\ by\ Eusorone\ Technologies,\ Inc/EusoTrip/Views/Shipper/SH256_ShipperBackhaulEchoCloseQuintet.swift /Users/diegousoro/Desktop/EusoTrip\ by\ Eusorone\ Technologies,\ Inc/EusoTrip/Views/Driver/DL109_DriverDVIRContinuationQuintet.swift (in target 'EusoTrip' from project 'EusoTrip')

SwiftCompile normal x86_64 /Users/diegousoro/Desktop/EusoTrip\ by\ Eusorone\ Technologies,\ Inc/EusoTrip/Views/Catalyst/502_CatalystMatchDetail.swift (in target 'EusoTrip' from project 'EusoTrip')
    cd /Users/diegousoro/Desktop/EusoTrip\ by\ Eusorone\ Technologies,\ Inc
    

SwiftCompile normal x86_64 /Users/diegousoro/Desktop/EusoTrip\ by\ Eusorone\ Technologies,\ Inc/EusoTrip/Views/Catalyst/304_CatalystFleetDrivers.swift (in target 'EusoTrip' from project 'EusoTrip')
    cd /Users/diegousoro/Desktop/EusoTrip\ by\ Eusorone\ Technologies,\ Inc
    

SwiftCompile normal x86_64 /Users/diegousoro/Desktop/EusoTrip\ by\ Eusorone\ Technologies,\ Inc/EusoTrip/Views/Catalyst/312_CatalystHotZones.swift (in target 'EusoTrip' from project 'EusoTrip')
    cd /Users/diegousoro/Desktop/EusoTrip\ by\ Eusorone\ Technologies,\ Inc
    

SwiftCompile normal x86_64 /Users/diegousoro/Desktop/EusoTrip\ by\ Eusorone\ Technologies,\ Inc/EusoTrip/Views/Shipper/SH250_ShipperBackhaulEchoSextet.swift (in target 'EusoTrip' from project 'EusoTrip')
    cd /Users/diegousoro/Desktop/EusoTrip\ by\ Eusorone\ Technologies,\ Inc
    

SwiftCompile normal x86_64 /Users/diegousoro/Desktop/EusoTrip\ by\ Eusorone\ Technologies,\ Inc/EusoTrip/Views/Shipper/SH256_ShipperBackhaulEchoCloseQuintet.swift (in target 'EusoTrip' from project 'EusoTrip')
    cd /Users/diegousoro/Desktop/EusoTrip\ by\ Eusorone\ Technologies,\ Inc
    

SwiftCompile normal x86_64 /Users/diegousoro/Desktop/EusoTrip\ by\ Eusorone\ Technologies,\ Inc/EusoTrip/Views/Driver/DL109_DriverDVIRContinuationQuintet.swift (in target 'EusoTrip' from project 'EusoTrip')
    cd /Users/diegousoro/Desktop/EusoTrip\ by\ Eusorone\ Technologies,\ Inc
    

SwiftDriverJobDiscovery normal arm64 Compiling 643_RailETAPrediction.swift, 630_RailCrossDockOperations.swift, 312_CarrierEarningsHome.swift, 214_ShipperSustainability.swift, 215_ShipperRFP.swift, 216_ShipperCompliance.swift (in target 'EusoTrip' from project 'EusoTrip')

SwiftCompile normal x86_64 Compiling\ 217_ShipperContracts.swift,\ 220_ShipperRateBoard.swift,\ 221_ShipperRecurringLoads.swift,\ 295_ShipperDockAppointments.swift,\ 223_ShipperAgreements.swift,\ 224_ShipperPartnerDirectory.swift /Users/diegousoro/Desktop/EusoTrip\ by\ Eusorone\ Technologies,\ Inc/EusoTrip/Views/Shipper/217_ShipperContracts.swift /Users/diegousoro/Desktop/EusoTrip\ by\ Eusorone\ Technologies,\ Inc/EusoTrip/Views/Shipper/220_ShipperRateBoard.swift /Users/diegousoro/Desktop/EusoTrip\ by\ Eusorone\ Technologies,\ Inc/EusoTrip/Views/Shipper/221_ShipperRecurringLoads.swift /Users/diegousoro/Desktop/EusoTrip\ by\ Eusorone\ Technologies,\ Inc/EusoTrip/Views/Shipper/295_ShipperDockAppointments.swift /Users/diegousoro/Desktop/EusoTrip\ by\ Eusorone\ Technologies,\ Inc/EusoTrip/Views/Shipper/223_ShipperAgreements.swift /Users/diegousoro/Desktop/EusoTrip\ by\ Eusorone\ Technologies,\ Inc/EusoTrip/Views/Shipper/224_ShipperPartnerDirectory.swift (in target 'EusoTrip' from project 'EusoTrip')
SwiftCompile normal x86_64 /Users/diegousoro/Desktop/EusoTrip\ by\ Eusorone\ Technologies,\ Inc/EusoTrip/Views/Shipper/217_ShipperContracts.swift (in target 'EusoTrip' from project 'EusoTrip')
    cd /Users/diegousoro/Desktop/EusoTrip\ by\ Eusorone\ Technologies,\ Inc
    

SwiftCompile normal x86_64 /Users/diegousoro/Desktop/EusoTrip\ by\ Eusorone\ Technologies,\ Inc/EusoTrip/Views/Shipper/220_ShipperRateBoard.swift (in target 'EusoTrip' from project 'EusoTrip')
    cd /Users/diegousoro/Desktop/EusoTrip\ by\ Eusorone\ Technologies,\ Inc
    

SwiftCompile normal x86_64 /Users/diegousoro/Desktop/EusoTrip\ by\ Eusorone\ Technologies,\ Inc/EusoTrip/Views/Shipper/221_ShipperRecurringLoads.swift (in target 'EusoTrip' from project 'EusoTrip')
    cd /Users/diegousoro/Desktop/EusoTrip\ by\ Eusorone\ Technologies,\ Inc
    

SwiftCompile normal x86_64 /Users/diegousoro/Desktop/EusoTrip\ by\ Eusorone\ Technologies,\ Inc/EusoTrip/Views/Shipper/295_ShipperDockAppointments.swift (in target 'EusoTrip' from project 'EusoTrip')
    cd /Users/diegousoro/Desktop/EusoTrip\ by\ Eusorone\ Technologies,\ Inc
    

SwiftCompile normal x86_64 /Users/diegousoro/Desktop/EusoTrip\ by\ Eusorone\ Technologies,\ Inc/EusoTrip/Views/Shipper/223_ShipperAgreements.swift (in target 'EusoTrip' from project 'EusoTrip')
    cd /Users/diegousoro/Desktop/EusoTrip\ by\ Eusorone\ Technologies,\ Inc
    

SwiftCompile normal x86_64 /Users/diegousoro/Desktop/EusoTrip\ by\ Eusorone\ Technologies,\ Inc/EusoTrip/Views/Shipper/224_ShipperPartnerDirectory.swift (in target 'EusoTrip' from project 'EusoTrip')
    cd /Users/diegousoro/Desktop/EusoTrip\ by\ Eusorone\ Technologies,\ Inc
    

SwiftDriverJobDiscovery normal arm64 Compiling 069_MeWallet.swift, 105_MeAuthority.swift, ZeunMechanicsScreens.swift, MeComplianceView.swift, 402_DispatcherProfile.swift, 673_RailIntermodalDashboard.swift (in target 'EusoTrip' from project 'EusoTrip')

SwiftCompile normal x86_64 Compiling\ 212_ShipperControlTower.swift,\ 213_ShipperCatalystScorecard.swift,\ 325_InsuranceDetail.swift,\ 593_RailSettlementBatch.swift,\ 595_RailCrewCertifications.swift,\ 641_RailDemurrageAnalytics.swift /Users/diegousoro/Desktop/EusoTrip\ by\ Eusorone\ Technologies,\ Inc/EusoTrip/Views/Shipper/212_ShipperControlTower.swift /Users/diegousoro/Desktop/EusoTrip\ by\ Eusorone\ Technologies,\ Inc/EusoTrip/Views/Shipper/213_ShipperCatalystScorecard.swift /Users/diegousoro/Desktop/EusoTrip\ by\ Eusorone\ Technologies,\ Inc/EusoTrip/Views/Shipper/325_InsuranceDetail.swift /Users/diegousoro/Desktop/EusoTrip\ by\ Eusorone\ Technologies,\ Inc/EusoTrip/Views/Rail/593_RailSettlementBatch.swift /Users/diegousoro/Desktop/EusoTrip\ by\ Eusorone\ Technologies,\ Inc/EusoTrip/Views/Rail/595_RailCrewCertifications.swift /Users/diegousoro/Desktop/EusoTrip\ by\ Eusorone\ Technologies,\ Inc/EusoTrip/Views/Rail/641_RailDemurrageAnalytics.swift (in target 'EusoTrip' from project 'EusoTrip')

SwiftCompile normal x86_64 /Users/diegousoro/Desktop/EusoTrip\ by\ Eusorone\ Technologies,\ Inc/EusoTrip/Views/Shipper/212_ShipperControlTower.swift (in target 'EusoTrip' from project 'EusoTrip')
    cd /Users/diegousoro/Desktop/EusoTrip\ by\ Eusorone\ Technologies,\ Inc
    

SwiftCompile normal x86_64 /Users/diegousoro/Desktop/EusoTrip\ by\ Eusorone\ Technologies,\ Inc/EusoTrip/Views/Shipper/213_ShipperCatalystScorecard.swift (in target 'EusoTrip' from project 'EusoTrip')
    cd /Users/diegousoro/Desktop/EusoTrip\ by\ Eusorone\ Technologies,\ Inc
    

SwiftCompile normal x86_64 /Users/diegousoro/Desktop/EusoTrip\ by\ Eusorone\ Technologies,\ Inc/EusoTrip/Views/Shipper/325_InsuranceDetail.swift (in target 'EusoTrip' from project 'EusoTrip')
    cd /Users/diegousoro/Desktop/EusoTrip\ by\ Eusorone\ Technologies,\ Inc
    

SwiftCompile normal x86_64 /Users/diegousoro/Desktop/EusoTrip\ by\ Eusorone\ Technologies,\ Inc/EusoTrip/Views/Rail/593_RailSettlementBatch.swift (in target 'EusoTrip' from project 'EusoTrip')
    cd /Users/diegousoro/Desktop/EusoTrip\ by\ Eusorone\ Technologies,\ Inc
    

SwiftCompile normal x86_64 /Users/diegousoro/Desktop/EusoTrip\ by\ Eusorone\ Technologies,\ Inc/EusoTrip/Views/Rail/595_RailCrewCertifications.swift (in target 'EusoTrip' from project 'EusoTrip')
    cd /Users/diegousoro/Desktop/EusoTrip\ by\ Eusorone\ Technologies,\ Inc
    

SwiftCompile normal x86_64 /Users/diegousoro/Desktop/EusoTrip\ by\ Eusorone\ Technologies,\ Inc/EusoTrip/Views/Rail/641_RailDemurrageAnalytics.swift (in target 'EusoTrip' from project 'EusoTrip')
    cd /Users/diegousoro/Desktop/EusoTrip\ by\ Eusorone\ Technologies,\ Inc
    

SwiftDriverJobDiscovery normal x86_64 Compiling 500_CatalystHome.swift, 300_CatalystHome.swift, 348_CatalystShipperCounterReceipt.swift, 349_CatalystAwardedConfirmation.swift, 377_CatalystPaperworkSettlementPrepCelM04.swift, 378_CatalystClosedPayoutCelM04.swift (in target 'EusoTrip' from project 'EusoTrip')

SwiftCompile normal x86_64 Compiling\ 702_TerminalYardMap.swift,\ 800_AdminHome.swift,\ 801_AdminControlTower.swift,\ 802_AdminTenants.swift,\ 803_AdminTenantDetail.swift /Users/diegousoro/Desktop/EusoTrip\ by\ Eusorone\ Technologies,\ Inc/EusoTrip/Views/Terminal/702_TerminalYardMap.swift /Users/diegousoro/Desktop/EusoTrip\ by\ Eusorone\ Technologies,\ Inc/EusoTrip/Views/Admin/800_AdminHome.swift /Users/diegousoro/Desktop/EusoTrip\ by\ Eusorone\ Technologies,\ Inc/EusoTrip/Views/Admin/801_AdminControlTower.swift /Users/diegousoro/Desktop/EusoTrip\ by\ Eusorone\ Technologies,\ Inc/EusoTrip/Views/Admin/802_AdminTenants.swift /Users/diegousoro/Desktop/EusoTrip\ by\ Eusorone\ Technologies,\ Inc/EusoTrip/Views/Admin/803_AdminTenantDetail.swift (in target 'EusoTrip' from project 'EusoTrip')

SwiftCompile normal x86_64 /Users/diegousoro/Desktop/EusoTrip\ by\ Eusorone\ Technologies,\ Inc/EusoTrip/Views/Terminal/702_TerminalYardMap.swift (in target 'EusoTrip' from project 'EusoTrip')
    cd /Users/diegousoro/Desktop/EusoTrip\ by\ Eusorone\ Technologies,\ Inc
    

SwiftCompile normal x86_64 /Users/diegousoro/Desktop/EusoTrip\ by\ Eusorone\ Technologies,\ Inc/EusoTrip/Views/Admin/800_AdminHome.swift (in target 'EusoTrip' from project 'EusoTrip')
    cd /Users/diegousoro/Desktop/EusoTrip\ by\ Eusorone\ Technologies,\ Inc
    

SwiftCompile normal x86_64 /Users/diegousoro/Desktop/EusoTrip\ by\ Eusorone\ Technologies,\ Inc/EusoTrip/Views/Admin/801_AdminControlTower.swift (in target 'EusoTrip' from project 'EusoTrip')
    cd /Users/diegousoro/Desktop/EusoTrip\ by\ Eusorone\ Technologies,\ Inc
    

SwiftCompile normal x86_64 /Users/diegousoro/Desktop/EusoTrip\ by\ Eusorone\ Technologies,\ Inc/EusoTrip/Views/Admin/802_AdminTenants.swift (in target 'EusoTrip' from project 'EusoTrip')
    cd /Users/diegousoro/Desktop/EusoTrip\ by\ Eusorone\ Technologies,\ Inc
    

SwiftCompile normal x86_64 /Users/diegousoro/Desktop/EusoTrip\ by\ Eusorone\ Technologies,\ Inc/EusoTrip/Views/Admin/803_AdminTenantDetail.swift (in target 'EusoTrip' from project 'EusoTrip')
    cd /Users/diegousoro/Desktop/EusoTrip\ by\ Eusorone\ Technologies,\ Inc
    

SwiftDriverJobDiscovery normal x86_64 Compiling 643_RailETAPrediction.swift, 630_RailCrossDockOperations.swift, 312_CarrierEarningsHome.swift, 214_ShipperSustainability.swift, 215_ShipperRFP.swift, 216_ShipperCompliance.swift (in target 'EusoTrip' from project 'EusoTrip')

SwiftCompile normal arm64 Compiling\ 217_ShipperContracts.swift,\ 220_ShipperRateBoard.swift,\ 221_ShipperRecurringLoads.swift,\ 295_ShipperDockAppointments.swift,\ 223_ShipperAgreements.swift,\ 224_ShipperPartnerDirectory.swift /Users/diegousoro/Desktop/EusoTrip\ by\ Eusorone\ Technologies,\ Inc/EusoTrip/Views/Shipper/217_ShipperContracts.swift /Users/diegousoro/Desktop/EusoTrip\ by\ Eusorone\ Technologies,\ Inc/EusoTrip/Views/Shipper/220_ShipperRateBoard.swift /Users/diegousoro/Desktop/EusoTrip\ by\ Eusorone\ Technologies,\ Inc/EusoTrip/Views/Shipper/221_ShipperRecurringLoads.swift /Users/diegousoro/Desktop/EusoTrip\ by\ Eusorone\ Technologies,\ Inc/EusoTrip/Views/Shipper/295_ShipperDockAppointments.swift /Users/diegousoro/Desktop/EusoTrip\ by\ Eusorone\ Technologies,\ Inc/EusoTrip/Views/Shipper/223_ShipperAgreements.swift /Users/diegousoro/Desktop/EusoTrip\ by\ Eusorone\ Technologies,\ Inc/EusoTrip/Views/Shipper/224_ShipperPartnerDirectory.swift (in target 'EusoTrip' from project 'EusoTrip')
SwiftCompile normal arm64 /Users/diegousoro/Desktop/EusoTrip\ by\ Eusorone\ Technologies,\ Inc/EusoTrip/Views/Shipper/217_ShipperContracts.swift (in target 'EusoTrip' from project 'EusoTrip')
    cd /Users/diegousoro/Desktop/EusoTrip\ by\ Eusorone\ Technologies,\ Inc
    

SwiftCompile normal arm64 /Users/diegousoro/Desktop/EusoTrip\ by\ Eusorone\ Technologies,\ Inc/EusoTrip/Views/Shipper/220_ShipperRateBoard.swift (in target 'EusoTrip' from project 'EusoTrip')
    cd /Users/diegousoro/Desktop/EusoTrip\ by\ Eusorone\ Technologies,\ Inc
    

SwiftCompile normal arm64 /Users/diegousoro/Desktop/EusoTrip\ by\ Eusorone\ Technologies,\ Inc/EusoTrip/Views/Shipper/221_ShipperRecurringLoads.swift (in target 'EusoTrip' from project 'EusoTrip')
    cd /Users/diegousoro/Desktop/EusoTrip\ by\ Eusorone\ Technologies,\ Inc
    

SwiftCompile normal arm64 /Users/diegousoro/Desktop/EusoTrip\ by\ Eusorone\ Technologies,\ Inc/EusoTrip/Views/Shipper/295_ShipperDockAppointments.swift (in target 'EusoTrip' from project 'EusoTrip')
    cd /Users/diegousoro/Desktop/EusoTrip\ by\ Eusorone\ Technologies,\ Inc
    

SwiftCompile normal arm64 /Users/diegousoro/Desktop/EusoTrip\ by\ Eusorone\ Technologies,\ Inc/EusoTrip/Views/Shipper/223_ShipperAgreements.swift (in target 'EusoTrip' from project 'EusoTrip')
    cd /Users/diegousoro/Desktop/EusoTrip\ by\ Eusorone\ Technologies,\ Inc
    

SwiftCompile normal arm64 /Users/diegousoro/Desktop/EusoTrip\ by\ Eusorone\ Technologies,\ Inc/EusoTrip/Views/Shipper/224_ShipperPartnerDirectory.swift (in target 'EusoTrip' from project 'EusoTrip')
    cd /Users/diegousoro/Desktop/EusoTrip\ by\ Eusorone\ Technologies,\ Inc
    

SwiftDriverJobDiscovery normal arm64 Compiling 600_EscortHome.swift, 601_EscortAssignmentDetail.swift, 602_EscortCorridorMap.swift, 700_TerminalHome.swift, 701_TerminalGateQueue.swift (in target 'EusoTrip' from project 'EusoTrip')

SwiftCompile normal x86_64 Compiling\ 600_EscortHome.swift,\ 601_EscortAssignmentDetail.swift,\ 602_EscortCorridorMap.swift,\ 700_TerminalHome.swift,\ 701_TerminalGateQueue.swift /Users/diegousoro/Desktop/EusoTrip\ by\ Eusorone\ Technologies,\ Inc/EusoTrip/Views/Escort/600_EscortHome.swift /Users/diegousoro/Desktop/EusoTrip\ by\ Eusorone\ Technologies,\ Inc/EusoTrip/Views/Escort/601_EscortAssignmentDetail.swift /Users/diegousoro/Desktop/EusoTrip\ by\ Eusorone\ Technologies,\ Inc/EusoTrip/Views/Escort/602_EscortCorridorMap.swift /Users/diegousoro/Desktop/EusoTrip\ by\ Eusorone\ Technologies,\ Inc/EusoTrip/Views/Terminal/700_TerminalHome.swift /Users/diegousoro/Desktop/EusoTrip\ by\ Eusorone\ Technologies,\ Inc/EusoTrip/Views/Terminal/701_TerminalGateQueue.swift (in target 'EusoTrip' from project 'EusoTrip')

SwiftCompile normal x86_64 /Users/diegousoro/Desktop/EusoTrip\ by\ Eusorone\ Technologies,\ Inc/EusoTrip/Views/Escort/600_EscortHome.swift (in target 'EusoTrip' from project 'EusoTrip')
    cd /Users/diegousoro/Desktop/EusoTrip\ by\ Eusorone\ Technologies,\ Inc
    

SwiftCompile normal x86_64 /Users/diegousoro/Desktop/EusoTrip\ by\ Eusorone\ Technologies,\ Inc/EusoTrip/Views/Escort/601_EscortAssignmentDetail.swift (in target 'EusoTrip' from project 'EusoTrip')
    cd /Users/diegousoro/Desktop/EusoTrip\ by\ Eusorone\ Technologies,\ Inc
    

SwiftCompile normal x86_64 /Users/diegousoro/Desktop/EusoTrip\ by\ Eusorone\ Technologies,\ Inc/EusoTrip/Views/Escort/602_EscortCorridorMap.swift (in target 'EusoTrip' from project 'EusoTrip')
    cd /Users/diegousoro/Desktop/EusoTrip\ by\ Eusorone\ Technologies,\ Inc
    

SwiftCompile normal x86_64 /Users/diegousoro/Desktop/EusoTrip\ by\ Eusorone\ Technologies,\ Inc/EusoTrip/Views/Terminal/700_TerminalHome.swift (in target 'EusoTrip' from project 'EusoTrip')
    cd /Users/diegousoro/Desktop/EusoTrip\ by\ Eusorone\ Technologies,\ Inc
    

SwiftCompile normal x86_64 /Users/diegousoro/Desktop/EusoTrip\ by\ Eusorone\ Technologies,\ Inc/EusoTrip/Views/Terminal/701_TerminalGateQueue.swift (in target 'EusoTrip' from project 'EusoTrip')
    cd /Users/diegousoro/Desktop/EusoTrip\ by\ Eusorone\ Technologies,\ Inc
    

SwiftDriverJobDiscovery normal x86_64 Compiling 373_CatalystAwardedCelM04.swift, 782_VesselDwellAnalysis.swift, 683_VesselFleetHealth.swift, 002_VesselBookingDetail.swift, 662_VesselExceptionsHolds.swift, 673_VesselContainerLease.swift (in target 'EusoTrip' from project 'EusoTrip')

SwiftDriverJobDiscovery normal arm64 Compiling 702_TerminalYardMap.swift, 800_AdminHome.swift, 801_AdminControlTower.swift, 802_AdminTenants.swift, 803_AdminTenantDetail.swift (in target 'EusoTrip' from project 'EusoTrip')

SwiftDriverJobDiscovery normal x86_64 Compiling 226_ShipperDocumentCenter.swift, 227_ShipperSettlementDetail.swift, 229_ShipperBOLUpload.swift, 301_CarrierLoads.swift, 302_CarrierLoadDetail.swift, 402_BrokerTenderDetail.swift (in target 'EusoTrip' from project 'EusoTrip')

SwiftDriverJobDiscovery normal x86_64 Compiling 684_VesselSettlement.swift, 106B_DriverEusoTicketRenderer.swift, LoadDetailSheet+Adapters.swift, AddPaymentAccountSheet.swift, DriverCounterInboxView.swift, 201_ShipperLoads.swift (in target 'EusoTrip' from project 'EusoTrip')

SwiftDriverJobDiscovery normal x86_64 Compiling 502_CatalystMatchDetail.swift, 304_CatalystFleetDrivers.swift, 312_CatalystHotZones.swift, SH250_ShipperBackhaulEchoSextet.swift, SH256_ShipperBackhaulEchoCloseQuintet.swift, DL109_DriverDVIRContinuationQuintet.swift (in target 'EusoTrip' from project 'EusoTrip')

SwiftDriverJobDiscovery normal x86_64 Compiling 069_MeWallet.swift, 105_MeAuthority.swift, ZeunMechanicsScreens.swift, MeComplianceView.swift, 402_DispatcherProfile.swift, 673_RailIntermodalDashboard.swift (in target 'EusoTrip' from project 'EusoTrip')

SwiftDriverJobDiscovery normal x86_64 Emitting module for EusoTrip (in target 'EusoTrip' from project 'EusoTrip')

SwiftDriver\ Compilation\ Requirements EusoTrip normal x86_64 com.apple.xcode.tools.swift.compiler (in target 'EusoTrip' from project 'EusoTrip')
    cd /Users/diegousoro/Desktop/EusoTrip\ by\ Eusorone\ Technologies,\ Inc
    builtin-Swift-Compilation-Requirements -- /Applications/Xcode.app/Contents/Developer/Toolchains/XcodeDefault.xctoolchain/usr/bin/swiftc -module-name EusoTrip -Onone @/tmp/eusotrip-dd/Build/Intermediates.noindex/EusoTrip.build/Debug-iphonesimulator/EusoTrip.build/Objects-normal/x86_64/EusoTrip.SwiftFileList -DDEBUG -enable-bare-slash-regex -enable-experimental-feature DebugDescriptionMacro -sdk /Applications/Xcode.app/Contents/Developer/Platforms/iPhoneSimulator.platform/Developer/SDKs/iPhoneSimulator26.5.sdk -target x86_64-apple-ios17.0-simulator -g -module-cache-path /tmp/eusotrip-dd/ModuleCache.noindex -Xfrontend -serialize-debugging-options -enable-testing -index-store-path /tmp/eusotrip-dd/Index.noindex/DataStore -Xcc -D_LIBCPP_HARDENING_MODE\=_LIBCPP_HARDENING_MODE_DEBUG -swift-version 5 -I /tmp/eusotrip-dd/Build/Products/Debug-iphonesimulator -F /tmp/eusotrip-dd/Build/Products/Debug-iphonesimulator/PackageFrameworks -F /tmp/eusotrip-dd/Build/Products/Debug-iphonesimulator -emit-localized-strings -emit-localized-strings-path /tmp/eusotrip-dd/Build/Intermediates.noindex/EusoTrip.build/Debug-iphonesimulator/EusoTrip.build/Objects-normal/x86_64 -c -j12 -enable-batch-mode -incremental -Xcc -ivfsstatcache -Xcc /tmp/eusotrip-dd/SDKStatCaches.noindex/iphonesimulator26.5-23F73-6cfe768891a92b912361537c460fe42b.sdkstatcache -output-file-map /tmp/eusotrip-dd/Build/Intermediates.noindex/EusoTrip.build/Debug-iphonesimulator/EusoTrip.build/Objects-normal/x86_64/EusoTrip-OutputFileMap.json -use-frontend-parseable-output -save-temps -no-color-diagnostics -explicit-module-build -module-cache-path /tmp/eusotrip-dd/Build/Intermediates.noindex/SwiftExplicitPrecompiledModules -clang-scanner-module-cache-path /tmp/eusotrip-dd/ModuleCache.noindex -sdk-module-cache-path /tmp/eusotrip-dd/ModuleCache.noindex -serialize-diagnostics -emit-dependencies -emit-module -emit-module-path /tmp/eusotrip-dd/Build/Intermediates.noindex/EusoTrip.build/Debug-iphonesimulator/EusoTrip.build/Objects-normal/x86_64/EusoTrip.swiftmodule -validate-clang-modules-once -clang-build-session-file /tmp/eusotrip-dd/ModuleCache.noindex/Session.modulevalidation -Xcc -I/tmp/eusotrip-dd/Build/Intermediates.noindex/EusoTrip.build/Debug-iphonesimulator/EusoTrip.build/swift-overrides.hmap -emit-const-values -Xfrontend -const-gather-protocols-file -Xfrontend /tmp/eusotrip-dd/Build/Intermediates.noindex/EusoTrip.build/Debug-iphonesimulator/EusoTrip.build/Objects-normal/x86_64/EusoTrip_const_extract_protocols.json -Xcc -iquote -Xcc /tmp/eusotrip-dd/Build/Intermediates.noindex/EusoTrip.build/Debug-iphonesimulator/EusoTrip.build/EusoTrip-generated-files.hmap -Xcc -I/tmp/eusotrip-dd/Build/Intermediates.noindex/EusoTrip.build/Debug-iphonesimulator/EusoTrip.build/EusoTrip-own-target-headers.hmap -Xcc -I/tmp/eusotrip-dd/Build/Intermediates.noindex/EusoTrip.build/Debug-iphonesimulator/EusoTrip.build/EusoTrip-all-non-framework-target-headers.hmap -Xcc -ivfsoverlay -Xcc /tmp/eusotrip-dd/Build/Intermediates.noindex/EusoTrip.build/Debug-iphonesimulator/EusoTrip-b4a33943895d5b68a84b74b6298b5375-VFS-iphonesimulator/all-product-headers.yaml -Xcc -iquote -Xcc /tmp/eusotrip-dd/Build/Intermediates.noindex/EusoTrip.build/Debug-iphonesimulator/EusoTrip.build/EusoTrip-project-headers.hmap -Xcc -I/tmp/eusotrip-dd/Build/Products/Debug-iphonesimulator/include -Xcc -I/tmp/eusotrip-dd/Build/Intermediates.noindex/EusoTrip.build/Debug-iphonesimulator/EusoTrip.build/DerivedSources-normal/x86_64 -Xcc -I/tmp/eusotrip-dd/Build/Intermediates.noindex/EusoTrip.build/Debug-iphonesimulator/EusoTrip.build/DerivedSources/x86_64 -Xcc -I/tmp/eusotrip-dd/Build/Intermediates.noindex/EusoTrip.build/Debug-iphonesimulator/EusoTrip.build/DerivedSources -Xcc -DDEBUG\=1 -emit-objc-header -emit-objc-header-path /tmp/eusotrip-dd/Build/Intermediates.noindex/EusoTrip.build/Debug-iphonesimulator/EusoTrip.build/Objects-normal/x86_64/EusoTrip-Swift.h -working-directory /Users/diegousoro/Desktop/EusoTrip\ by\ Eusorone\ Technologies,\ Inc -experimental-emit-module-separately -disable-cmo

SwiftDriverJobDiscovery normal arm64 Emitting module for EusoTrip (in target 'EusoTrip' from project 'EusoTrip')

SwiftDriver\ Compilation\ Requirements EusoTrip normal arm64 com.apple.xcode.tools.swift.compiler (in target 'EusoTrip' from project 'EusoTrip')
    cd /Users/diegousoro/Desktop/EusoTrip\ by\ Eusorone\ Technologies,\ Inc
    builtin-Swift-Compilation-Requirements -- /Applications/Xcode.app/Contents/Developer/Toolchains/XcodeDefault.xctoolchain/usr/bin/swiftc -module-name EusoTrip -Onone @/tmp/eusotrip-dd/Build/Intermediates.noindex/EusoTrip.build/Debug-iphonesimulator/EusoTrip.build/Objects-normal/arm64/EusoTrip.SwiftFileList -DDEBUG -enable-bare-slash-regex -enable-experimental-feature DebugDescriptionMacro -sdk /Applications/Xcode.app/Contents/Developer/Platforms/iPhoneSimulator.platform/Developer/SDKs/iPhoneSimulator26.5.sdk -target arm64-apple-ios17.0-simulator -g -module-cache-path /tmp/eusotrip-dd/ModuleCache.noindex -Xfrontend -serialize-debugging-options -enable-testing -index-store-path /tmp/eusotrip-dd/Index.noindex/DataStore -Xcc -D_LIBCPP_HARDENING_MODE\=_LIBCPP_HARDENING_MODE_DEBUG -swift-version 5 -I /tmp/eusotrip-dd/Build/Products/Debug-iphonesimulator -F /tmp/eusotrip-dd/Build/Products/Debug-iphonesimulator/PackageFrameworks -F /tmp/eusotrip-dd/Build/Products/Debug-iphonesimulator -emit-localized-strings -emit-localized-strings-path /tmp/eusotrip-dd/Build/Intermediates.noindex/EusoTrip.build/Debug-iphonesimulator/EusoTrip.build/Objects-normal/arm64 -c -j12 -enable-batch-mode -incremental -Xcc -ivfsstatcache -Xcc /tmp/eusotrip-dd/SDKStatCaches.noindex/iphonesimulator26.5-23F73-6cfe768891a92b912361537c460fe42b.sdkstatcache -output-file-map /tmp/eusotrip-dd/Build/Intermediates.noindex/EusoTrip.build/Debug-iphonesimulator/EusoTrip.build/Objects-normal/arm64/EusoTrip-OutputFileMap.json -use-frontend-parseable-output -save-temps -no-color-diagnostics -explicit-module-build -module-cache-path /tmp/eusotrip-dd/Build/Intermediates.noindex/SwiftExplicitPrecompiledModules -clang-scanner-module-cache-path /tmp/eusotrip-dd/ModuleCache.noindex -sdk-module-cache-path /tmp/eusotrip-dd/ModuleCache.noindex -serialize-diagnostics -emit-dependencies -emit-module -emit-module-path /tmp/eusotrip-dd/Build/Intermediates.noindex/EusoTrip.build/Debug-iphonesimulator/EusoTrip.build/Objects-normal/arm64/EusoTrip.swiftmodule -validate-clang-modules-once -clang-build-session-file /tmp/eusotrip-dd/ModuleCache.noindex/Session.modulevalidation -Xcc -I/tmp/eusotrip-dd/Build/Intermediates.noindex/EusoTrip.build/Debug-iphonesimulator/EusoTrip.build/swift-overrides.hmap -emit-const-values -Xfrontend -const-gather-protocols-file -Xfrontend /tmp/eusotrip-dd/Build/Intermediates.noindex/EusoTrip.build/Debug-iphonesimulator/EusoTrip.build/Objects-normal/arm64/EusoTrip_const_extract_protocols.json -Xcc -iquote -Xcc /tmp/eusotrip-dd/Build/Intermediates.noindex/EusoTrip.build/Debug-iphonesimulator/EusoTrip.build/EusoTrip-generated-files.hmap -Xcc -I/tmp/eusotrip-dd/Build/Intermediates.noindex/EusoTrip.build/Debug-iphonesimulator/EusoTrip.build/EusoTrip-own-target-headers.hmap -Xcc -I/tmp/eusotrip-dd/Build/Intermediates.noindex/EusoTrip.build/Debug-iphonesimulator/EusoTrip.build/EusoTrip-all-non-framework-target-headers.hmap -Xcc -ivfsoverlay -Xcc /tmp/eusotrip-dd/Build/Intermediates.noindex/EusoTrip.build/Debug-iphonesimulator/EusoTrip-b4a33943895d5b68a84b74b6298b5375-VFS-iphonesimulator/all-product-headers.yaml -Xcc -iquote -Xcc /tmp/eusotrip-dd/Build/Intermediates.noindex/EusoTrip.build/Debug-iphonesimulator/EusoTrip.build/EusoTrip-project-headers.hmap -Xcc -I/tmp/eusotrip-dd/Build/Products/Debug-iphonesimulator/include -Xcc -I/tmp/eusotrip-dd/Build/Intermediates.noindex/EusoTrip.build/Debug-iphonesimulator/EusoTrip.build/DerivedSources-normal/arm64 -Xcc -I/tmp/eusotrip-dd/Build/Intermediates.noindex/EusoTrip.build/Debug-iphonesimulator/EusoTrip.build/DerivedSources/arm64 -Xcc -I/tmp/eusotrip-dd/Build/Intermediates.noindex/EusoTrip.build/Debug-iphonesimulator/EusoTrip.build/DerivedSources -Xcc -DDEBUG\=1 -emit-objc-header -emit-objc-header-path /tmp/eusotrip-dd/Build/Intermediates.noindex/EusoTrip.build/Debug-iphonesimulator/EusoTrip.build/Objects-normal/arm64/EusoTrip-Swift.h -working-directory /Users/diegousoro/Desktop/EusoTrip\ by\ Eusorone\ Technologies,\ Inc -experimental-emit-module-separately -disable-cmo

SwiftDriverJobDiscovery normal x86_64 Compiling 212_ShipperControlTower.swift, 213_ShipperCatalystScorecard.swift, 325_InsuranceDetail.swift, 593_RailSettlementBatch.swift, 595_RailCrewCertifications.swift, 641_RailDemurrageAnalytics.swift (in target 'EusoTrip' from project 'EusoTrip')

SwiftDriverJobDiscovery normal x86_64 Compiling 702_TerminalYardMap.swift, 800_AdminHome.swift, 801_AdminControlTower.swift, 802_AdminTenants.swift, 803_AdminTenantDetail.swift (in target 'EusoTrip' from project 'EusoTrip')

SwiftDriverJobDiscovery normal x86_64 Compiling 217_ShipperContracts.swift, 220_ShipperRateBoard.swift, 221_ShipperRecurringLoads.swift, 295_ShipperDockAppointments.swift, 223_ShipperAgreements.swift, 224_ShipperPartnerDirectory.swift (in target 'EusoTrip' from project 'EusoTrip')

SwiftDriverJobDiscovery normal x86_64 Compiling 600_EscortHome.swift, 601_EscortAssignmentDetail.swift, 602_EscortCorridorMap.swift, 700_TerminalHome.swift, 701_TerminalGateQueue.swift (in target 'EusoTrip' from project 'EusoTrip')

SwiftDriver\ Compilation EusoTrip normal x86_64 com.apple.xcode.tools.swift.compiler (in target 'EusoTrip' from project 'EusoTrip')
    cd /Users/diegousoro/Desktop/EusoTrip\ by\ Eusorone\ Technologies,\ Inc
    builtin-Swift-Compilation -- /Applications/Xcode.app/Contents/Developer/Toolchains/XcodeDefault.xctoolchain/usr/bin/swiftc -module-name EusoTrip -Onone @/tmp/eusotrip-dd/Build/Intermediates.noindex/EusoTrip.build/Debug-iphonesimulator/EusoTrip.build/Objects-normal/x86_64/EusoTrip.SwiftFileList -DDEBUG -enable-bare-slash-regex -enable-experimental-feature DebugDescriptionMacro -sdk /Applications/Xcode.app/Contents/Developer/Platforms/iPhoneSimulator.platform/Developer/SDKs/iPhoneSimulator26.5.sdk -target x86_64-apple-ios17.0-simulator -g -module-cache-path /tmp/eusotrip-dd/ModuleCache.noindex -Xfrontend -serialize-debugging-options -enable-testing -index-store-path /tmp/eusotrip-dd/Index.noindex/DataStore -Xcc -D_LIBCPP_HARDENING_MODE\=_LIBCPP_HARDENING_MODE_DEBUG -swift-version 5 -I /tmp/eusotrip-dd/Build/Products/Debug-iphonesimulator -F /tmp/eusotrip-dd/Build/Products/Debug-iphonesimulator/PackageFrameworks -F /tmp/eusotrip-dd/Build/Products/Debug-iphonesimulator -emit-localized-strings -emit-localized-strings-path /tmp/eusotrip-dd/Build/Intermediates.noindex/EusoTrip.build/Debug-iphonesimulator/EusoTrip.build/Objects-normal/x86_64 -c -j12 -enable-batch-mode -incremental -Xcc -ivfsstatcache -Xcc /tmp/eusotrip-dd/SDKStatCaches.noindex/iphonesimulator26.5-23F73-6cfe768891a92b912361537c460fe42b.sdkstatcache -output-file-map /tmp/eusotrip-dd/Build/Intermediates.noindex/EusoTrip.build/Debug-iphonesimulator/EusoTrip.build/Objects-normal/x86_64/EusoTrip-OutputFileMap.json -use-frontend-parseable-output -save-temps -no-color-diagnostics -explicit-module-build -module-cache-path /tmp/eusotrip-dd/Build/Intermediates.noindex/SwiftExplicitPrecompiledModules -clang-scanner-module-cache-path /tmp/eusotrip-dd/ModuleCache.noindex -sdk-module-cache-path /tmp/eusotrip-dd/ModuleCache.noindex -serialize-diagnostics -emit-dependencies -emit-module -emit-module-path /tmp/eusotrip-dd/Build/Intermediates.noindex/EusoTrip.build/Debug-iphonesimulator/EusoTrip.build/Objects-normal/x86_64/EusoTrip.swiftmodule -validate-clang-modules-once -clang-build-session-file /tmp/eusotrip-dd/ModuleCache.noindex/Session.modulevalidation -Xcc -I/tmp/eusotrip-dd/Build/Intermediates.noindex/EusoTrip.build/Debug-iphonesimulator/EusoTrip.build/swift-overrides.hmap -emit-const-values -Xfrontend -const-gather-protocols-file -Xfrontend /tmp/eusotrip-dd/Build/Intermediates.noindex/EusoTrip.build/Debug-iphonesimulator/EusoTrip.build/Objects-normal/x86_64/EusoTrip_const_extract_protocols.json -Xcc -iquote -Xcc /tmp/eusotrip-dd/Build/Intermediates.noindex/EusoTrip.build/Debug-iphonesimulator/EusoTrip.build/EusoTrip-generated-files.hmap -Xcc -I/tmp/eusotrip-dd/Build/Intermediates.noindex/EusoTrip.build/Debug-iphonesimulator/EusoTrip.build/EusoTrip-own-target-headers.hmap -Xcc -I/tmp/eusotrip-dd/Build/Intermediates.noindex/EusoTrip.build/Debug-iphonesimulator/EusoTrip.build/EusoTrip-all-non-framework-target-headers.hmap -Xcc -ivfsoverlay -Xcc /tmp/eusotrip-dd/Build/Intermediates.noindex/EusoTrip.build/Debug-iphonesimulator/EusoTrip-b4a33943895d5b68a84b74b6298b5375-VFS-iphonesimulator/all-product-headers.yaml -Xcc -iquote -Xcc /tmp/eusotrip-dd/Build/Intermediates.noindex/EusoTrip.build/Debug-iphonesimulator/EusoTrip.build/EusoTrip-project-headers.hmap -Xcc -I/tmp/eusotrip-dd/Build/Products/Debug-iphonesimulator/include -Xcc -I/tmp/eusotrip-dd/Build/Intermediates.noindex/EusoTrip.build/Debug-iphonesimulator/EusoTrip.build/DerivedSources-normal/x86_64 -Xcc -I/tmp/eusotrip-dd/Build/Intermediates.noindex/EusoTrip.build/Debug-iphonesimulator/EusoTrip.build/DerivedSources/x86_64 -Xcc -I/tmp/eusotrip-dd/Build/Intermediates.noindex/EusoTrip.build/Debug-iphonesimulator/EusoTrip.build/DerivedSources -Xcc -DDEBUG\=1 -emit-objc-header -emit-objc-header-path /tmp/eusotrip-dd/Build/Intermediates.noindex/EusoTrip.build/Debug-iphonesimulator/EusoTrip.build/Objects-normal/x86_64/EusoTrip-Swift.h -working-directory /Users/diegousoro/Desktop/EusoTrip\ by\ Eusorone\ Technologies,\ Inc -experimental-emit-module-separately -disable-cmo

Ld /tmp/eusotrip-dd/Build/Intermediates.noindex/EusoTrip.build/Debug-iphonesimulator/EusoTrip.build/Objects-normal/x86_64/Binary/EusoTrip.debug.dylib normal x86_64 (in target 'EusoTrip' from project 'EusoTrip')
    cd /Users/diegousoro/Desktop/EusoTrip\ by\ Eusorone\ Technologies,\ Inc
    /Applications/Xcode.app/Contents/Developer/Toolchains/XcodeDefault.xctoolchain/usr/bin/clang -Xlinker -reproducible -target x86_64-apple-ios17.0-simulator -dynamiclib -isysroot /Applications/Xcode.app/Contents/Developer/Platforms/iPhoneSimulator.platform/Developer/SDKs/iPhoneSimulator26.5.sdk -O0 -L/tmp/eusotrip-dd/Build/Intermediates.noindex/EagerLinkingTBDs/Debug-iphonesimulator -L/tmp/eusotrip-dd/Build/Products/Debug-iphonesimulator -F/tmp/eusotrip-dd/Build/Intermediates.noindex/EagerLinkingTBDs/Debug-iphonesimulator -F/tmp/eusotrip-dd/Build/Products/Debug-iphonesimulator/PackageFrameworks -F/tmp/eusotrip-dd/Build/Products/Debug-iphonesimulator -filelist /tmp/eusotrip-dd/Build/Intermediates.noindex/EusoTrip.build/Debug-iphonesimulator/EusoTrip.build/Objects-normal/x86_64/EusoTrip.LinkFileList -install_name @rpath/EusoTrip.debug.dylib -Xlinker -rpath -Xlinker /usr/lib/swift -Xlinker -rpath -Xlinker /tmp/eusotrip-dd/Build/Products/Debug-iphonesimulator/PackageFrameworks -Xlinker -rpath -Xlinker @executable_path/Frameworks -Xlinker -dead_strip -Xlinker -object_path_lto -Xlinker /tmp/eusotrip-dd/Build/Intermediates.noindex/EusoTrip.build/Debug-iphonesimulator/EusoTrip.build/Objects-normal/x86_64/EusoTrip_lto.o -rdynamic -Xlinker -no_deduplicate -Xlinker -objc_abi_version -Xlinker 2 -Xlinker -dependency_info -Xlinker /tmp/eusotrip-dd/Build/Intermediates.noindex/EusoTrip.build/Debug-iphonesimulator/EusoTrip.build/Objects-normal/x86_64/EusoTrip_dependency_info.dat -fobjc-link-runtime -L/Applications/Xcode.app/Contents/Developer/Toolchains/XcodeDefault.xctoolchain/usr/lib/swift/iphonesimulator -L/usr/lib/swift -Xlinker -add_ast_path -Xlinker /tmp/eusotrip-dd/Build/Intermediates.noindex/EusoTrip.build/Debug-iphonesimulator/EusoTrip.build/Objects-normal/x86_64/EusoTrip.swiftmodule @/tmp/eusotrip-dd/Build/Intermediates.noindex/EusoTrip.build/Debug-iphonesimulator/EusoTrip.build/Objects-normal/x86_64/EusoTrip-linker-args.resp -Wl,-no_warn_duplicate_libraries -Xlinker -alias -Xlinker _main -Xlinker ___debug_main_executable_dylib_entry_point -framework WeatherKit -Xlinker -no_adhoc_codesign -o /tmp/eusotrip-dd/Build/Intermediates.noindex/EusoTrip.build/Debug-iphonesimulator/EusoTrip.build/Objects-normal/x86_64/Binary/EusoTrip.debug.dylib -Xlinker -add_ast_path -Xlinker /tmp/eusotrip-dd/Build/Intermediates.noindex/Lottie.build/Debug-iphonesimulator/Lottie.build/Objects-normal/x86_64/Lottie.swiftmodule @/tmp/eusotrip-dd/Build/Intermediates.noindex/Lottie.build/Debug-iphonesimulator/Lottie.build/Objects-normal/x86_64/Lottie-linker-args.resp

Copy /tmp/eusotrip-dd/Build/Products/Debug-iphonesimulator/EusoTrip.swiftmodule/arm64-apple-ios-simulator.swiftmodule /tmp/eusotrip-dd/Build/Intermediates.noindex/EusoTrip.build/Debug-iphonesimulator/EusoTrip.build/Objects-normal/arm64/EusoTrip.swiftmodule (in target 'EusoTrip' from project 'EusoTrip')
    cd /Users/diegousoro/Desktop/EusoTrip\ by\ Eusorone\ Technologies,\ Inc
    builtin-copy -exclude .DS_Store -exclude CVS -exclude .svn -exclude .git -exclude .hg -resolve-src-symlinks -rename /tmp/eusotrip-dd/Build/Intermediates.noindex/EusoTrip.build/Debug-iphonesimulator/EusoTrip.build/Objects-normal/arm64/EusoTrip.swiftmodule /tmp/eusotrip-dd/Build/Products/Debug-iphonesimulator/EusoTrip.swiftmodule/arm64-apple-ios-simulator.swiftmodule

Copy /tmp/eusotrip-dd/Build/Products/Debug-iphonesimulator/EusoTrip.swiftmodule/x86_64-apple-ios-simulator.swiftmodule /tmp/eusotrip-dd/Build/Intermediates.noindex/EusoTrip.build/Debug-iphonesimulator/EusoTrip.build/Objects-normal/x86_64/EusoTrip.swiftmodule (in target 'EusoTrip' from project 'EusoTrip')
    cd /Users/diegousoro/Desktop/EusoTrip\ by\ Eusorone\ Technologies,\ Inc
    builtin-copy -exclude .DS_Store -exclude CVS -exclude .svn -exclude .git -exclude .hg -resolve-src-symlinks -rename /tmp/eusotrip-dd/Build/Intermediates.noindex/EusoTrip.build/Debug-iphonesimulator/EusoTrip.build/Objects-normal/x86_64/EusoTrip.swiftmodule /tmp/eusotrip-dd/Build/Products/Debug-iphonesimulator/EusoTrip.swiftmodule/x86_64-apple-ios-simulator.swiftmodule

Copy /tmp/eusotrip-dd/Build/Products/Debug-iphonesimulator/EusoTrip.swiftmodule/x86_64-apple-ios-simulator.abi.json /tmp/eusotrip-dd/Build/Intermediates.noindex/EusoTrip.build/Debug-iphonesimulator/EusoTrip.build/Objects-normal/x86_64/EusoTrip.abi.json (in target 'EusoTrip' from project 'EusoTrip')
    cd /Users/diegousoro/Desktop/EusoTrip\ by\ Eusorone\ Technologies,\ Inc
    builtin-copy -exclude .DS_Store -exclude CVS -exclude .svn -exclude .git -exclude .hg -resolve-src-symlinks -rename /tmp/eusotrip-dd/Build/Intermediates.noindex/EusoTrip.build/Debug-iphonesimulator/EusoTrip.build/Objects-normal/x86_64/EusoTrip.abi.json /tmp/eusotrip-dd/Build/Products/Debug-iphonesimulator/EusoTrip.swiftmodule/x86_64-apple-ios-simulator.abi.json

Copy /tmp/eusotrip-dd/Build/Products/Debug-iphonesimulator/EusoTrip.swiftmodule/Project/arm64-apple-ios-simulator.swiftsourceinfo /tmp/eusotrip-dd/Build/Intermediates.noindex/EusoTrip.build/Debug-iphonesimulator/EusoTrip.build/Objects-normal/arm64/EusoTrip.swiftsourceinfo (in target 'EusoTrip' from project 'EusoTrip')
    cd /Users/diegousoro/Desktop/EusoTrip\ by\ Eusorone\ Technologies,\ Inc
    builtin-copy -exclude .DS_Store -exclude CVS -exclude .svn -exclude .git -exclude .hg -resolve-src-symlinks -rename /tmp/eusotrip-dd/Build/Intermediates.noindex/EusoTrip.build/Debug-iphonesimulator/EusoTrip.build/Objects-normal/arm64/EusoTrip.swiftsourceinfo /tmp/eusotrip-dd/Build/Products/Debug-iphonesimulator/EusoTrip.swiftmodule/Project/arm64-apple-ios-simulator.swiftsourceinfo

Copy /tmp/eusotrip-dd/Build/Products/Debug-iphonesimulator/EusoTrip.swiftmodule/Project/x86_64-apple-ios-simulator.swiftsourceinfo /tmp/eusotrip-dd/Build/Intermediates.noindex/EusoTrip.build/Debug-iphonesimulator/EusoTrip.build/Objects-normal/x86_64/EusoTrip.swiftsourceinfo (in target 'EusoTrip' from project 'EusoTrip')
    cd /Users/diegousoro/Desktop/EusoTrip\ by\ Eusorone\ Technologies,\ Inc
    builtin-copy -exclude .DS_Store -exclude CVS -exclude .svn -exclude .git -exclude .hg -resolve-src-symlinks -rename /tmp/eusotrip-dd/Build/Intermediates.noindex/EusoTrip.build/Debug-iphonesimulator/EusoTrip.build/Objects-normal/x86_64/EusoTrip.swiftsourceinfo /tmp/eusotrip-dd/Build/Products/Debug-iphonesimulator/EusoTrip.swiftmodule/Project/x86_64-apple-ios-simulator.swiftsourceinfo

Copy /tmp/eusotrip-dd/Build/Products/Debug-iphonesimulator/EusoTrip.swiftmodule/arm64-apple-ios-simulator.abi.json /tmp/eusotrip-dd/Build/Intermediates.noindex/EusoTrip.build/Debug-iphonesimulator/EusoTrip.build/Objects-normal/arm64/EusoTrip.abi.json (in target 'EusoTrip' from project 'EusoTrip')
    cd /Users/diegousoro/Desktop/EusoTrip\ by\ Eusorone\ Technologies,\ Inc
    builtin-copy -exclude .DS_Store -exclude CVS -exclude .svn -exclude .git -exclude .hg -resolve-src-symlinks -rename /tmp/eusotrip-dd/Build/Intermediates.noindex/EusoTrip.build/Debug-iphonesimulator/EusoTrip.build/Objects-normal/arm64/EusoTrip.abi.json /tmp/eusotrip-dd/Build/Products/Debug-iphonesimulator/EusoTrip.swiftmodule/arm64-apple-ios-simulator.abi.json

ConstructStubExecutorLinkFileList /tmp/eusotrip-dd/Build/Intermediates.noindex/EusoTrip.build/Debug-iphonesimulator/EusoTrip.build/EusoTrip-ExecutorLinkFileList-normal-x86_64.txt (in target 'EusoTrip' from project 'EusoTrip')
    cd /Users/diegousoro/Desktop/EusoTrip\ by\ Eusorone\ Technologies,\ Inc
    construct-stub-executor-link-file-list /tmp/eusotrip-dd/Build/Intermediates.noindex/EusoTrip.build/Debug-iphonesimulator/EusoTrip.build/Objects-normal/x86_64/Binary/EusoTrip.debug.dylib /Applications/Xcode.app/Contents/Developer/Platforms/iPhoneSimulator.platform/Developer/usr/lib/libPreviewsJITStubExecutor_no_swift_entry_point.a /Applications/Xcode.app/Contents/Developer/Platforms/iPhoneSimulator.platform/Developer/usr/lib/libPreviewsJITStubExecutor.a --output /tmp/eusotrip-dd/Build/Intermediates.noindex/EusoTrip.build/Debug-iphonesimulator/EusoTrip.build/EusoTrip-ExecutorLinkFileList-normal-x86_64.txt
note: Using stub executor library with Swift entry point. (in target 'EusoTrip' from project 'EusoTrip')

Ld /tmp/eusotrip-dd/Build/Intermediates.noindex/EusoTrip.build/Debug-iphonesimulator/EusoTrip.build/Objects-normal/x86_64/Binary/EusoTrip normal x86_64 (in target 'EusoTrip' from project 'EusoTrip')
    cd /Users/diegousoro/Desktop/EusoTrip\ by\ Eusorone\ Technologies,\ Inc
    /Applications/Xcode.app/Contents/Developer/Toolchains/XcodeDefault.xctoolchain/usr/bin/clang -Xlinker -reproducible -target x86_64-apple-ios17.0-simulator -isysroot /Applications/Xcode.app/Contents/Developer/Platforms/iPhoneSimulator.platform/Developer/SDKs/iPhoneSimulator26.5.sdk -O0 -L/tmp/eusotrip-dd/Build/Products/Debug-iphonesimulator -F/tmp/eusotrip-dd/Build/Products/Debug-iphonesimulator/PackageFrameworks -F/tmp/eusotrip-dd/Build/Products/Debug-iphonesimulator -Xlinker -rpath -Xlinker @executable_path -Xlinker -rpath -Xlinker /tmp/eusotrip-dd/Build/Products/Debug-iphonesimulator/PackageFrameworks -Xlinker -rpath -Xlinker @executable_path/Frameworks -rdynamic -Xlinker -no_deduplicate -Xlinker -objc_abi_version -Xlinker 2 -e ___debug_blank_executor_main -Xlinker -sectcreate -Xlinker __TEXT -Xlinker __debug_dylib -Xlinker /tmp/eusotrip-dd/Build/Intermediates.noindex/EusoTrip.build/Debug-iphonesimulator/EusoTrip.build/EusoTrip-DebugDylibPath-normal-x86_64.txt -Xlinker -sectcreate -Xlinker __TEXT -Xlinker __debug_instlnm -Xlinker /tmp/eusotrip-dd/Build/Intermediates.noindex/EusoTrip.build/Debug-iphonesimulator/EusoTrip.build/EusoTrip-DebugDylibInstallName-normal-x86_64.txt -Xlinker -filelist -Xlinker /tmp/eusotrip-dd/Build/Intermediates.noindex/EusoTrip.build/Debug-iphonesimulator/EusoTrip.build/EusoTrip-ExecutorLinkFileList-normal-x86_64.txt -Xlinker -sectcreate -Xlinker __TEXT -Xlinker __entitlements -Xlinker /tmp/eusotrip-dd/Build/Intermediates.noindex/EusoTrip.build/Debug-iphonesimulator/EusoTrip.build/EusoTrip.app-Simulated.xcent -Xlinker -sectcreate -Xlinker __TEXT -Xlinker __ents_der -Xlinker /tmp/eusotrip-dd/Build/Intermediates.noindex/EusoTrip.build/Debug-iphonesimulator/EusoTrip.build/EusoTrip.app-Simulated.xcent.der /tmp/eusotrip-dd/Build/Intermediates.noindex/EusoTrip.build/Debug-iphonesimulator/EusoTrip.build/Objects-normal/x86_64/Binary/EusoTrip.debug.dylib -Xlinker -no_adhoc_codesign -o /tmp/eusotrip-dd/Build/Intermediates.noindex/EusoTrip.build/Debug-iphonesimulator/EusoTrip.build/Objects-normal/x86_64/Binary/EusoTrip

SwiftDriverJobDiscovery normal arm64 Compiling 217_ShipperContracts.swift, 220_ShipperRateBoard.swift, 221_ShipperRecurringLoads.swift, 295_ShipperDockAppointments.swift, 223_ShipperAgreements.swift, 224_ShipperPartnerDirectory.swift (in target 'EusoTrip' from project 'EusoTrip')

SwiftDriver\ Compilation EusoTrip normal arm64 com.apple.xcode.tools.swift.compiler (in target 'EusoTrip' from project 'EusoTrip')
    cd /Users/diegousoro/Desktop/EusoTrip\ by\ Eusorone\ Technologies,\ Inc
    builtin-Swift-Compilation -- /Applications/Xcode.app/Contents/Developer/Toolchains/XcodeDefault.xctoolchain/usr/bin/swiftc -module-name EusoTrip -Onone @/tmp/eusotrip-dd/Build/Intermediates.noindex/EusoTrip.build/Debug-iphonesimulator/EusoTrip.build/Objects-normal/arm64/EusoTrip.SwiftFileList -DDEBUG -enable-bare-slash-regex -enable-experimental-feature DebugDescriptionMacro -sdk /Applications/Xcode.app/Contents/Developer/Platforms/iPhoneSimulator.platform/Developer/SDKs/iPhoneSimulator26.5.sdk -target arm64-apple-ios17.0-simulator -g -module-cache-path /tmp/eusotrip-dd/ModuleCache.noindex -Xfrontend -serialize-debugging-options -enable-testing -index-store-path /tmp/eusotrip-dd/Index.noindex/DataStore -Xcc -D_LIBCPP_HARDENING_MODE\=_LIBCPP_HARDENING_MODE_DEBUG -swift-version 5 -I /tmp/eusotrip-dd/Build/Products/Debug-iphonesimulator -F /tmp/eusotrip-dd/Build/Products/Debug-iphonesimulator/PackageFrameworks -F /tmp/eusotrip-dd/Build/Products/Debug-iphonesimulator -emit-localized-strings -emit-localized-strings-path /tmp/eusotrip-dd/Build/Intermediates.noindex/EusoTrip.build/Debug-iphonesimulator/EusoTrip.build/Objects-normal/arm64 -c -j12 -enable-batch-mode -incremental -Xcc -ivfsstatcache -Xcc /tmp/eusotrip-dd/SDKStatCaches.noindex/iphonesimulator26.5-23F73-6cfe768891a92b912361537c460fe42b.sdkstatcache -output-file-map /tmp/eusotrip-dd/Build/Intermediates.noindex/EusoTrip.build/Debug-iphonesimulator/EusoTrip.build/Objects-normal/arm64/EusoTrip-OutputFileMap.json -use-frontend-parseable-output -save-temps -no-color-diagnostics -explicit-module-build -module-cache-path /tmp/eusotrip-dd/Build/Intermediates.noindex/SwiftExplicitPrecompiledModules -clang-scanner-module-cache-path /tmp/eusotrip-dd/ModuleCache.noindex -sdk-module-cache-path /tmp/eusotrip-dd/ModuleCache.noindex -serialize-diagnostics -emit-dependencies -emit-module -emit-module-path /tmp/eusotrip-dd/Build/Intermediates.noindex/EusoTrip.build/Debug-iphonesimulator/EusoTrip.build/Objects-normal/arm64/EusoTrip.swiftmodule -validate-clang-modules-once -clang-build-session-file /tmp/eusotrip-dd/ModuleCache.noindex/Session.modulevalidation -Xcc -I/tmp/eusotrip-dd/Build/Intermediates.noindex/EusoTrip.build/Debug-iphonesimulator/EusoTrip.build/swift-overrides.hmap -emit-const-values -Xfrontend -const-gather-protocols-file -Xfrontend /tmp/eusotrip-dd/Build/Intermediates.noindex/EusoTrip.build/Debug-iphonesimulator/EusoTrip.build/Objects-normal/arm64/EusoTrip_const_extract_protocols.json -Xcc -iquote -Xcc /tmp/eusotrip-dd/Build/Intermediates.noindex/EusoTrip.build/Debug-iphonesimulator/EusoTrip.build/EusoTrip-generated-files.hmap -Xcc -I/tmp/eusotrip-dd/Build/Intermediates.noindex/EusoTrip.build/Debug-iphonesimulator/EusoTrip.build/EusoTrip-own-target-headers.hmap -Xcc -I/tmp/eusotrip-dd/Build/Intermediates.noindex/EusoTrip.build/Debug-iphonesimulator/EusoTrip.build/EusoTrip-all-non-framework-target-headers.hmap -Xcc -ivfsoverlay -Xcc /tmp/eusotrip-dd/Build/Intermediates.noindex/EusoTrip.build/Debug-iphonesimulator/EusoTrip-b4a33943895d5b68a84b74b6298b5375-VFS-iphonesimulator/all-product-headers.yaml -Xcc -iquote -Xcc /tmp/eusotrip-dd/Build/Intermediates.noindex/EusoTrip.build/Debug-iphonesimulator/EusoTrip.build/EusoTrip-project-headers.hmap -Xcc -I/tmp/eusotrip-dd/Build/Products/Debug-iphonesimulator/include -Xcc -I/tmp/eusotrip-dd/Build/Intermediates.noindex/EusoTrip.build/Debug-iphonesimulator/EusoTrip.build/DerivedSources-normal/arm64 -Xcc -I/tmp/eusotrip-dd/Build/Intermediates.noindex/EusoTrip.build/Debug-iphonesimulator/EusoTrip.build/DerivedSources/arm64 -Xcc -I/tmp/eusotrip-dd/Build/Intermediates.noindex/EusoTrip.build/Debug-iphonesimulator/EusoTrip.build/DerivedSources -Xcc -DDEBUG\=1 -emit-objc-header -emit-objc-header-path /tmp/eusotrip-dd/Build/Intermediates.noindex/EusoTrip.build/Debug-iphonesimulator/EusoTrip.build/Objects-normal/arm64/EusoTrip-Swift.h -working-directory /Users/diegousoro/Desktop/EusoTrip\ by\ Eusorone\ Technologies,\ Inc -experimental-emit-module-separately -disable-cmo

Ld /tmp/eusotrip-dd/Build/Intermediates.noindex/EusoTrip.build/Debug-iphonesimulator/EusoTrip.build/Objects-normal/arm64/Binary/EusoTrip.debug.dylib normal arm64 (in target 'EusoTrip' from project 'EusoTrip')
    cd /Users/diegousoro/Desktop/EusoTrip\ by\ Eusorone\ Technologies,\ Inc
    /Applications/Xcode.app/Contents/Developer/Toolchains/XcodeDefault.xctoolchain/usr/bin/clang -Xlinker -reproducible -target arm64-apple-ios17.0-simulator -dynamiclib -isysroot /Applications/Xcode.app/Contents/Developer/Platforms/iPhoneSimulator.platform/Developer/SDKs/iPhoneSimulator26.5.sdk -O0 -L/tmp/eusotrip-dd/Build/Intermediates.noindex/EagerLinkingTBDs/Debug-iphonesimulator -L/tmp/eusotrip-dd/Build/Products/Debug-iphonesimulator -F/tmp/eusotrip-dd/Build/Intermediates.noindex/EagerLinkingTBDs/Debug-iphonesimulator -F/tmp/eusotrip-dd/Build/Products/Debug-iphonesimulator/PackageFrameworks -F/tmp/eusotrip-dd/Build/Products/Debug-iphonesimulator -filelist /tmp/eusotrip-dd/Build/Intermediates.noindex/EusoTrip.build/Debug-iphonesimulator/EusoTrip.build/Objects-normal/arm64/EusoTrip.LinkFileList -install_name @rpath/EusoTrip.debug.dylib -Xlinker -rpath -Xlinker /usr/lib/swift -Xlinker -rpath -Xlinker /tmp/eusotrip-dd/Build/Products/Debug-iphonesimulator/PackageFrameworks -Xlinker -rpath -Xlinker @executable_path/Frameworks -Xlinker -dead_strip -Xlinker -object_path_lto -Xlinker /tmp/eusotrip-dd/Build/Intermediates.noindex/EusoTrip.build/Debug-iphonesimulator/EusoTrip.build/Objects-normal/arm64/EusoTrip_lto.o -rdynamic -Xlinker -no_deduplicate -Xlinker -objc_abi_version -Xlinker 2 -Xlinker -dependency_info -Xlinker /tmp/eusotrip-dd/Build/Intermediates.noindex/EusoTrip.build/Debug-iphonesimulator/EusoTrip.build/Objects-normal/arm64/EusoTrip_dependency_info.dat -fobjc-link-runtime -L/Applications/Xcode.app/Contents/Developer/Toolchains/XcodeDefault.xctoolchain/usr/lib/swift/iphonesimulator -L/usr/lib/swift -Xlinker -add_ast_path -Xlinker /tmp/eusotrip-dd/Build/Intermediates.noindex/EusoTrip.build/Debug-iphonesimulator/EusoTrip.build/Objects-normal/arm64/EusoTrip.swiftmodule @/tmp/eusotrip-dd/Build/Intermediates.noindex/EusoTrip.build/Debug-iphonesimulator/EusoTrip.build/Objects-normal/arm64/EusoTrip-linker-args.resp -Wl,-no_warn_duplicate_libraries -Xlinker -alias -Xlinker _main -Xlinker ___debug_main_executable_dylib_entry_point -framework WeatherKit -Xlinker -no_adhoc_codesign -o /tmp/eusotrip-dd/Build/Intermediates.noindex/EusoTrip.build/Debug-iphonesimulator/EusoTrip.build/Objects-normal/arm64/Binary/EusoTrip.debug.dylib -Xlinker -add_ast_path -Xlinker /tmp/eusotrip-dd/Build/Intermediates.noindex/Lottie.build/Debug-iphonesimulator/Lottie.build/Objects-normal/arm64/Lottie.swiftmodule @/tmp/eusotrip-dd/Build/Intermediates.noindex/Lottie.build/Debug-iphonesimulator/Lottie.build/Objects-normal/arm64/Lottie-linker-args.resp

CreateUniversalBinary /tmp/eusotrip-dd/Build/Products/Debug-iphonesimulator/EusoTrip.app/EusoTrip.debug.dylib normal arm64\ x86_64 (in target 'EusoTrip' from project 'EusoTrip')
    cd /Users/diegousoro/Desktop/EusoTrip\ by\ Eusorone\ Technologies,\ Inc
    /Applications/Xcode.app/Contents/Developer/Toolchains/XcodeDefault.xctoolchain/usr/bin/lipo -create /tmp/eusotrip-dd/Build/Intermediates.noindex/EusoTrip.build/Debug-iphonesimulator/EusoTrip.build/Objects-normal/arm64/Binary/EusoTrip.debug.dylib /tmp/eusotrip-dd/Build/Intermediates.noindex/EusoTrip.build/Debug-iphonesimulator/EusoTrip.build/Objects-normal/x86_64/Binary/EusoTrip.debug.dylib -output /tmp/eusotrip-dd/Build/Products/Debug-iphonesimulator/EusoTrip.app/EusoTrip.debug.dylib

ConstructStubExecutorLinkFileList /tmp/eusotrip-dd/Build/Intermediates.noindex/EusoTrip.build/Debug-iphonesimulator/EusoTrip.build/EusoTrip-ExecutorLinkFileList-normal-arm64.txt (in target 'EusoTrip' from project 'EusoTrip')
    cd /Users/diegousoro/Desktop/EusoTrip\ by\ Eusorone\ Technologies,\ Inc
    construct-stub-executor-link-file-list /tmp/eusotrip-dd/Build/Intermediates.noindex/EusoTrip.build/Debug-iphonesimulator/EusoTrip.build/Objects-normal/arm64/Binary/EusoTrip.debug.dylib /Applications/Xcode.app/Contents/Developer/Platforms/iPhoneSimulator.platform/Developer/usr/lib/libPreviewsJITStubExecutor_no_swift_entry_point.a /Applications/Xcode.app/Contents/Developer/Platforms/iPhoneSimulator.platform/Developer/usr/lib/libPreviewsJITStubExecutor.a --output /tmp/eusotrip-dd/Build/Intermediates.noindex/EusoTrip.build/Debug-iphonesimulator/EusoTrip.build/EusoTrip-ExecutorLinkFileList-normal-arm64.txt
note: Using stub executor library with Swift entry point. (in target 'EusoTrip' from project 'EusoTrip')

Ld /tmp/eusotrip-dd/Build/Intermediates.noindex/EusoTrip.build/Debug-iphonesimulator/EusoTrip.build/Objects-normal/arm64/Binary/EusoTrip normal arm64 (in target 'EusoTrip' from project 'EusoTrip')
    cd /Users/diegousoro/Desktop/EusoTrip\ by\ Eusorone\ Technologies,\ Inc
    /Applications/Xcode.app/Contents/Developer/Toolchains/XcodeDefault.xctoolchain/usr/bin/clang -Xlinker -reproducible -target arm64-apple-ios17.0-simulator -isysroot /Applications/Xcode.app/Contents/Developer/Platforms/iPhoneSimulator.platform/Developer/SDKs/iPhoneSimulator26.5.sdk -O0 -L/tmp/eusotrip-dd/Build/Products/Debug-iphonesimulator -F/tmp/eusotrip-dd/Build/Products/Debug-iphonesimulator/PackageFrameworks -F/tmp/eusotrip-dd/Build/Products/Debug-iphonesimulator -Xlinker -rpath -Xlinker @executable_path -Xlinker -rpath -Xlinker /tmp/eusotrip-dd/Build/Products/Debug-iphonesimulator/PackageFrameworks -Xlinker -rpath -Xlinker @executable_path/Frameworks -rdynamic -Xlinker -no_deduplicate -Xlinker -objc_abi_version -Xlinker 2 -e ___debug_blank_executor_main -Xlinker -sectcreate -Xlinker __TEXT -Xlinker __debug_dylib -Xlinker /tmp/eusotrip-dd/Build/Intermediates.noindex/EusoTrip.build/Debug-iphonesimulator/EusoTrip.build/EusoTrip-DebugDylibPath-normal-arm64.txt -Xlinker -sectcreate -Xlinker __TEXT -Xlinker __debug_instlnm -Xlinker /tmp/eusotrip-dd/Build/Intermediates.noindex/EusoTrip.build/Debug-iphonesimulator/EusoTrip.build/EusoTrip-DebugDylibInstallName-normal-arm64.txt -Xlinker -filelist -Xlinker /tmp/eusotrip-dd/Build/Intermediates.noindex/EusoTrip.build/Debug-iphonesimulator/EusoTrip.build/EusoTrip-ExecutorLinkFileList-normal-arm64.txt -Xlinker -sectcreate -Xlinker __TEXT -Xlinker __entitlements -Xlinker /tmp/eusotrip-dd/Build/Intermediates.noindex/EusoTrip.build/Debug-iphonesimulator/EusoTrip.build/EusoTrip.app-Simulated.xcent -Xlinker -sectcreate -Xlinker __TEXT -Xlinker __ents_der -Xlinker /tmp/eusotrip-dd/Build/Intermediates.noindex/EusoTrip.build/Debug-iphonesimulator/EusoTrip.build/EusoTrip.app-Simulated.xcent.der /tmp/eusotrip-dd/Build/Intermediates.noindex/EusoTrip.build/Debug-iphonesimulator/EusoTrip.build/Objects-normal/arm64/Binary/EusoTrip.debug.dylib -Xlinker -no_adhoc_codesign -o /tmp/eusotrip-dd/Build/Intermediates.noindex/EusoTrip.build/Debug-iphonesimulator/EusoTrip.build/Objects-normal/arm64/Binary/EusoTrip

CreateUniversalBinary /tmp/eusotrip-dd/Build/Products/Debug-iphonesimulator/EusoTrip.app/EusoTrip normal arm64\ x86_64 (in target 'EusoTrip' from project 'EusoTrip')
    cd /Users/diegousoro/Desktop/EusoTrip\ by\ Eusorone\ Technologies,\ Inc
    /Applications/Xcode.app/Contents/Developer/Toolchains/XcodeDefault.xctoolchain/usr/bin/lipo -create /tmp/eusotrip-dd/Build/Intermediates.noindex/EusoTrip.build/Debug-iphonesimulator/EusoTrip.build/Objects-normal/arm64/Binary/EusoTrip /tmp/eusotrip-dd/Build/Intermediates.noindex/EusoTrip.build/Debug-iphonesimulator/EusoTrip.build/Objects-normal/x86_64/Binary/EusoTrip -output /tmp/eusotrip-dd/Build/Products/Debug-iphonesimulator/EusoTrip.app/EusoTrip

PhaseScriptExecution Auto-bump\ CFBundleVersion /tmp/eusotrip-dd/Build/Intermediates.noindex/EusoTrip.build/Debug-iphonesimulator/EusoTrip.build/Script-BUMP00001000000000000001.sh (in target 'EusoTrip' from project 'EusoTrip')
    cd /Users/diegousoro/Desktop/EusoTrip\ by\ Eusorone\ Technologies,\ Inc
    export ACTION\=build
    export AD_HOC_CODE_SIGNING_ALLOWED\=YES
    export AGGREGATE_TRACKED_DOMAINS\=YES
    export ALLOW_BUILD_REQUEST_OVERRIDES\=NO
    export ALLOW_TARGET_PLATFORM_SPECIALIZATION\=NO
    export ALTERNATE_GROUP\=staff
    export ALTERNATE_MODE\=u+w,go-w,a+rX
    export ALTERNATE_OWNER\=diegousoro
    export ALTERNATIVE_DISTRIBUTION_WEB\=NO
    export ALWAYS_EMBED_SWIFT_STANDARD_LIBRARIES\=NO
    export ALWAYS_SEARCH_USER_PATHS\=NO
    export ALWAYS_USE_SEPARATE_HEADERMAPS\=NO
    export APPLICATION_EXTENSION_API_ONLY\=NO
    export APPLY_RULES_IN_COPY_FILES\=NO
    export APPLY_RULES_IN_COPY_HEADERS\=NO
    export APP_SHORTCUTS_ENABLE_FLEXIBLE_MATCHING\=YES
    export ARCHS\=arm64\ x86_64
    export ARCHS_BASE\=arm64\ x86_64
    export ARCHS_STANDARD\=arm64\ x86_64
    export ARCHS_STANDARD_32_64_BIT\=arm64\ x86_64
    export ARCHS_STANDARD_64_BIT\=arm64\ x86_64
    export ARCHS_STANDARD_INCLUDING_64_BIT\=arm64\ x86_64
    export ARCHS_UNIVERSAL_IPHONE_OS\=arm64\ x86_64
    export ASSETCATALOG_COMPILER_APPICON_NAME\=AppIcon
    export ASSETCATALOG_COMPILER_GENERATE_SWIFT_ASSET_SYMBOL_EXTENSIONS\=YES
    export ASSETCATALOG_COMPILER_GLOBAL_ACCENT_COLOR_NAME\=AccentColor
    export AUTOMATICALLY_MERGE_DEPENDENCIES\=NO
    export AUTOMATION_APPLE_EVENTS\=NO
    export AVAILABLE_PLATFORMS\=android\ appletvos\ appletvsimulator\ driverkit\ freebsd\ iphoneos\ iphonesimulator\ linux\ macosx\ none\ openbsd\ qnx\ watchos\ watchsimulator\ webassembly\ xros\ xrsimulator
    export AppIdentifierPrefix\=665Z3ZBZS2.
    export BUILD_ACTIVE_RESOURCES_ONLY\=NO
    export BUILD_COMPONENTS\=headers\ build
    export BUILD_DIR\=/tmp/eusotrip-dd/Build/Products
    export BUILD_LIBRARY_FOR_DISTRIBUTION\=NO
    export BUILD_ONLY_KNOWN_LOCALIZATIONS\=NO
    export BUILD_ROOT\=/tmp/eusotrip-dd/Build/Products
    export BUILD_STYLE\=
    export BUILD_VARIANTS\=normal
    export BUILT_PRODUCTS_DIR\=/tmp/eusotrip-dd/Build/Products/Debug-iphonesimulator
    export BUNDLE_CONTENTS_FOLDER_PATH_deep\=Contents/
    export BUNDLE_EXECUTABLE_FOLDER_NAME_deep\=MacOS
    export BUNDLE_EXTENSIONS_FOLDER_PATH\=Extensions
    export BUNDLE_FORMAT\=shallow
    export BUNDLE_FRAMEWORKS_FOLDER_PATH\=Frameworks
    export BUNDLE_PLUGINS_FOLDER_PATH\=PlugIns
    export BUNDLE_PRIVATE_HEADERS_FOLDER_PATH\=PrivateHeaders
    export BUNDLE_PUBLIC_HEADERS_FOLDER_PATH\=Headers
    export CACHE_ROOT\=/var/folders/xq/qjm2gw2s7zld8q886wy_2qhh0000gn/C/com.apple.DeveloperTools/26.5-17F42/Xcode
    export CCHROOT\=/var/folders/xq/qjm2gw2s7zld8q886wy_2qhh0000gn/C/com.apple.DeveloperTools/26.5-17F42/Xcode
    export CHMOD\=/bin/chmod
    export CHOWN\=chown
    export CLANG_ANALYZER_NONNULL\=YES
    export CLANG_ANALYZER_NUMBER_OBJECT_CONVERSION\=YES_AGGRESSIVE
    export CLANG_CACHE_FINE_GRAINED_OUTPUTS\=YES
    export CLANG_CXX_LANGUAGE_STANDARD\=gnu++20
    export CLANG_ENABLE_EXPLICIT_MODULES\=YES
    export CLANG_ENABLE_MODULES\=YES
    export CLANG_ENABLE_OBJC_ARC\=YES
    export CLANG_ENABLE_OBJC_WEAK\=YES
    export CLANG_MODULES_BUILD_SESSION_FILE\=/tmp/eusotrip-dd/ModuleCache.noindex/Session.modulevalidation
    export CLANG_WARN_BLOCK_CAPTURE_AUTORELEASING\=YES
    export CLANG_WARN_BOOL_CONVERSION\=YES
    export CLANG_WARN_COMMA\=YES
    export CLANG_WARN_CONSTANT_CONVERSION\=YES
    export CLANG_WARN_DEPRECATED_OBJC_IMPLEMENTATIONS\=YES
    export CLANG_WARN_DIRECT_OBJC_ISA_USAGE\=YES_ERROR
    export CLANG_WARN_DOCUMENTATION_COMMENTS\=YES
    export CLANG_WARN_EMPTY_BODY\=YES
    export CLANG_WARN_ENUM_CONVERSION\=YES
    export CLANG_WARN_INFINITE_RECURSION\=YES
    export CLANG_WARN_INT_CONVERSION\=YES
    export CLANG_WARN_NON_LITERAL_NULL_CONVERSION\=YES
    export CLANG_WARN_OBJC_IMPLICIT_RETAIN_SELF\=YES
    export CLANG_WARN_OBJC_LITERAL_CONVERSION\=YES
    export CLANG_WARN_OBJC_ROOT_CLASS\=YES_ERROR
    export CLANG_WARN_QUOTED_INCLUDE_IN_FRAMEWORK_HEADER\=YES
    export CLANG_WARN_RANGE_LOOP_ANALYSIS\=YES
    export CLANG_WARN_STRICT_PROTOTYPES\=YES
    export CLANG_WARN_SUSPICIOUS_MOVE\=YES
    export CLANG_WARN_UNGUARDED_AVAILABILITY\=YES_AGGRESSIVE
    export CLANG_WARN_UNREACHABLE_CODE\=YES
    export CLANG_WARN__DUPLICATE_METHOD_MATCH\=YES
    export CLASS_FILE_DIR\=/tmp/eusotrip-dd/Build/Intermediates.noindex/EusoTrip.build/Debug-iphonesimulator/EusoTrip.build/JavaClasses
    export CLEAN_PRECOMPS\=YES
    export CLONE_HEADERS\=NO
    export CODESIGNING_FOLDER_PATH\=/tmp/eusotrip-dd/Build/Products/Debug-iphonesimulator/EusoTrip.app
    export CODE_SIGNING_ALLOWED\=YES
    export CODE_SIGNING_REQUIRED\=YES
    export CODE_SIGN_CONTEXT_CLASS\=XCiPhoneSimulatorCodeSignContext
    export CODE_SIGN_ENTITLEMENTS\=EusoTrip/EusoTrip.entitlements
    export CODE_SIGN_IDENTITY\=-
    export CODE_SIGN_INJECT_BASE_ENTITLEMENTS\=YES
    export CODE_SIGN_STYLE\=Automatic
    export COLOR_DIAGNOSTICS\=NO
    export COMBINE_HIDPI_IMAGES\=NO
    export COMPILATION_CACHE_CAS_PATH\=/tmp/eusotrip-dd/CompilationCache.noindex
    export COMPILATION_CACHE_KEEP_CAS_DIRECTORY\=YES
    export COMPILER_INDEX_STORE_ENABLE\=Default
    export COMPOSITE_SDK_DIRS\=/tmp/eusotrip-dd/Build/Intermediates.noindex/CompositeSDKs
    export COMPRESS_PNG_FILES\=YES
    export CONFIGURATION\=Debug
    export CONFIGURATION_BUILD_DIR\=/tmp/eusotrip-dd/Build/Products/Debug-iphonesimulator
    export CONFIGURATION_TEMP_DIR\=/tmp/eusotrip-dd/Build/Intermediates.noindex/EusoTrip.build/Debug-iphonesimulator
    export CONTENTS_FOLDER_PATH\=EusoTrip.app
    export CONTENTS_FOLDER_PATH_SHALLOW_BUNDLE_NO\=EusoTrip.app/Contents
    export CONTENTS_FOLDER_PATH_SHALLOW_BUNDLE_YES\=EusoTrip.app
    export COPYING_PRESERVES_HFS_DATA\=NO
    export COPY_HEADERS_RUN_UNIFDEF\=NO
    export COPY_PHASE_STRIP\=NO
    export CORRESPONDING_DEVICE_PLATFORM_DIR\=/Applications/Xcode.app/Contents/Developer/Platforms/iPhoneOS.platform
    export CORRESPONDING_DEVICE_PLATFORM_NAME\=iphoneos
    export CORRESPONDING_DEVICE_SDK_DIR\=/Applications/Xcode.app/Contents/Developer/Platforms/iPhoneOS.platform/Developer/SDKs/iPhoneOS26.5.sdk
    export CORRESPONDING_DEVICE_SDK_NAME\=iphoneos26.5
    export CP\=/bin/cp
    export CREATE_INFOPLIST_SECTION_IN_BINARY\=NO
    export CURRENT_ARCH\=undefined_arch
    export CURRENT_PROJECT_VERSION\=302
    export CURRENT_VARIANT\=normal
    export DEAD_CODE_STRIPPING\=YES
    export DEBUGGING_SYMBOLS\=YES
    export DEBUG_INFORMATION_FORMAT\=dwarf
    export DEBUG_INFORMATION_VERSION\=compiler-default
    export DEFAULT_COMPILER\=com.apple.compilers.llvm.clang.1_0
    export DEFAULT_DEXT_INSTALL_PATH\=/System/Library/DriverExtensions
    export DEFAULT_KEXT_INSTALL_PATH\=/System/Library/Extensions
    export DEFINES_MODULE\=NO
    export DEPLOYMENT_LOCATION\=NO
    export DEPLOYMENT_POSTPROCESSING\=NO
    export DEPLOYMENT_TARGET_SETTING_NAME\=IPHONEOS_DEPLOYMENT_TARGET
    export DEPLOYMENT_TARGET_SUGGESTED_VALUES\=12.0\ 12.1\ 12.2\ 12.3\ 12.4\ 13.0\ 13.1\ 13.2\ 13.3\ 13.4\ 13.5\ 13.6\ 14.0\ 14.1\ 14.2\ 14.3\ 14.4\ 14.5\ 14.6\ 14.7\ 15.0\ 15.1\ 15.2\ 15.3\ 15.4\ 15.5\ 15.6\ 16.0\ 16.1\ 16.2\ 16.3\ 16.4\ 16.5\ 16.6\ 17.0\ 17.1\ 17.2\ 17.3\ 17.4\ 17.5\ 17.6\ 18.0\ 18.1\ 18.2\ 18.3\ 18.4\ 18.5\ 18.6\ 26.0\ 26.2\ 26.3\ 26.4\ 26.5
    export DERIVED_FILES_DIR\=/tmp/eusotrip-dd/Build/Intermediates.noindex/EusoTrip.build/Debug-iphonesimulator/EusoTrip.build/DerivedSources
    export DERIVED_FILE_DIR\=/tmp/eusotrip-dd/Build/Intermediates.noindex/EusoTrip.build/Debug-iphonesimulator/EusoTrip.build/DerivedSources
    export DERIVED_SOURCES_DIR\=/tmp/eusotrip-dd/Build/Intermediates.noindex/EusoTrip.build/Debug-iphonesimulator/EusoTrip.build/DerivedSources
    export DEVELOPER_APPLICATIONS_DIR\=/Applications/Xcode.app/Contents/Developer/Applications
    export DEVELOPER_BIN_DIR\=/Applications/Xcode.app/Contents/Developer/usr/bin
    export DEVELOPER_DIR\=/Applications/Xcode.app/Contents/Developer
    export DEVELOPER_FRAMEWORKS_DIR\=/Applications/Xcode.app/Contents/Developer/Library/Frameworks
    export DEVELOPER_FRAMEWORKS_DIR_QUOTED\=/Applications/Xcode.app/Contents/Developer/Library/Frameworks
    export DEVELOPER_LIBRARY_DIR\=/Applications/Xcode.app/Contents/Developer/Library
    export DEVELOPER_SDK_DIR\=/Applications/Xcode.app/Contents/Developer/Platforms/MacOSX.platform/Developer/SDKs
    export DEVELOPER_TOOLS_DIR\=/Applications/Xcode.app/Contents/Developer/Tools
    export DEVELOPER_USR_DIR\=/Applications/Xcode.app/Contents/Developer/usr
    export DEVELOPMENT_ASSET_PATHS\=\"EusoTrip/Preview\ Content\"
    export DEVELOPMENT_LANGUAGE\=en
    export DEVELOPMENT_TEAM\=665Z3ZBZS2
    export DIAGNOSE_MISSING_TARGET_DEPENDENCIES\=YES
    export DIFF\=/usr/bin/diff
    export DOCUMENTATION_FOLDER_PATH\=EusoTrip.app/en.lproj/Documentation
    export DONT_GENERATE_INFOPLIST_FILE\=NO
    export DSTROOT\=/tmp/EusoTrip.dst
    export DT_TOOLCHAIN_DIR\=/Applications/Xcode.app/Contents/Developer/Toolchains/XcodeDefault.xctoolchain
    export DUMP_DEPENDENCIES\=NO
    export DUMP_DEPENDENCIES_OUTPUT_PATH\=/tmp/eusotrip-dd/Build/Intermediates.noindex/EusoTrip.build/Debug-iphonesimulator/EusoTrip.build/EusoTrip-BuildDependencyInfo.json
    export DWARF_DSYM_FILE_NAME\=EusoTrip.app.dSYM
    export DWARF_DSYM_FILE_SHOULD_ACCOMPANY_PRODUCT\=NO
    export DWARF_DSYM_FOLDER_PATH\=/tmp/eusotrip-dd/Build/Products/Debug-iphonesimulator
    export DYNAMIC_LIBRARY_EXTENSION\=dylib
    export EAGER_COMPILATION_ALLOW_SCRIPTS\=NO
    export EAGER_LINKING\=NO
    export EFFECTIVE_PLATFORM_NAME\=-iphonesimulator
    export EFFECTIVE_SWIFT_VERSION\=5
    export EMBEDDED_CONTENT_CONTAINS_SWIFT\=NO
    export EMBED_ASSET_PACKS_IN_PRODUCT_BUNDLE\=NO
    export EMBED_PACKAGE_RESOURCE_BUNDLE_NAMES\=\ Lottie_Lottie
    export ENABLE_APP_SANDBOX\=NO
    export ENABLE_CODE_COVERAGE\=YES
    export ENABLE_COHORT_ARCHS\=NO
    export ENABLE_CPLUSPLUS_BOUNDS_SAFE_BUFFERS\=NO
    export ENABLE_C_BOUNDS_SAFETY\=NO
    export ENABLE_DEBUG_DYLIB\=YES
    export ENABLE_DEFAULT_HEADER_SEARCH_PATHS\=YES
    export ENABLE_DEFAULT_SEARCH_PATHS\=YES
    export ENABLE_ENHANCED_SECURITY\=NO
    export ENABLE_HARDENED_RUNTIME\=NO
    export ENABLE_HEADER_DEPENDENCIES\=YES
    export ENABLE_INCOMING_NETWORK_CONNECTIONS\=NO
    export ENABLE_ON_DEMAND_RESOURCES\=YES
    export ENABLE_OUTGOING_NETWORK_CONNECTIONS\=NO
    export ENABLE_POINTER_AUTHENTICATION\=NO
    export ENABLE_PREVIEWS\=NO
    export ENABLE_RESOURCE_ACCESS_AUDIO_INPUT\=NO
    export ENABLE_RESOURCE_ACCESS_BLUETOOTH\=NO
    export ENABLE_RESOURCE_ACCESS_CALENDARS\=NO
    export ENABLE_RESOURCE_ACCESS_CAMERA\=NO
    export ENABLE_RESOURCE_ACCESS_CONTACTS\=NO
    export ENABLE_RESOURCE_ACCESS_LOCATION\=NO
    export ENABLE_RESOURCE_ACCESS_PHOTO_LIBRARY\=NO
    export ENABLE_RESOURCE_ACCESS_PRINTING\=NO
    export ENABLE_RESOURCE_ACCESS_USB\=NO
    export ENABLE_SDK_IMPORTS\=NO
    export ENABLE_SECURITY_COMPILER_WARNINGS\=NO
    export ENABLE_STRICT_OBJC_MSGSEND\=YES
    export ENABLE_TESTABILITY\=YES
    export ENABLE_TESTING_SEARCH_PATHS\=NO
    export ENABLE_USER_SCRIPT_SANDBOXING\=NO
    export ENABLE_XOJIT_PREVIEWS\=YES
    export ENFORCE_VALID_ARCHS\=YES
    export ENTITLEMENTS_ALLOWED\=NO
    export ENTITLEMENTS_DESTINATION\=__entitlements
    export ENTITLEMENTS_REQUIRED\=NO
    export EXCLUDED_INSTALLSRC_SUBDIRECTORY_PATTERNS\=.DS_Store\ .svn\ .git\ .hg\ CVS
    export EXCLUDED_RECURSIVE_SEARCH_PATH_SUBDIRECTORIES\=\*.nib\ \*.lproj\ \*.framework\ \*.gch\ \*.xcode\*\ \*.xcassets\ \*.icon\ \(\*\)\ .DS_Store\ CVS\ .svn\ .git\ .hg\ \*.pbproj\ \*.pbxproj
    export EXECUTABLES_FOLDER_PATH\=EusoTrip.app/Executables
    export EXECUTABLE_BLANK_INJECTION_DYLIB_PATH\=EusoTrip.app/__preview.dylib
    export EXECUTABLE_DEBUG_DYLIB_INSTALL_NAME\=@rpath/EusoTrip.debug.dylib
    export EXECUTABLE_DEBUG_DYLIB_PATH\=EusoTrip.app/EusoTrip.debug.dylib
    export EXECUTABLE_FOLDER_PATH\=EusoTrip.app
    export EXECUTABLE_FOLDER_PATH_SHALLOW_BUNDLE_NO\=EusoTrip.app/MacOS
    export EXECUTABLE_FOLDER_PATH_SHALLOW_BUNDLE_YES\=EusoTrip.app
    export EXECUTABLE_NAME\=EusoTrip
    export EXECUTABLE_PATH\=EusoTrip.app/EusoTrip
    export EXPANDED_CODE_SIGN_IDENTITY\=-
    export EXPANDED_CODE_SIGN_IDENTITY_NAME\=Sign\ to\ Run\ Locally
    export EXTENSIONS_FOLDER_PATH\=EusoTrip.app/Extensions
    export FILE_LIST\=/tmp/eusotrip-dd/Build/Intermediates.noindex/EusoTrip.build/Debug-iphonesimulator/EusoTrip.build/Objects/LinkFileList
    export FIXED_FILES_DIR\=/tmp/eusotrip-dd/Build/Intermediates.noindex/EusoTrip.build/Debug-iphonesimulator/EusoTrip.build/FixedFiles
    export FRAMEWORKS_FOLDER_PATH\=EusoTrip.app/Frameworks
    export FRAMEWORK_FLAG_PREFIX\=-framework
    export FRAMEWORK_SEARCH_PATHS\=/tmp/eusotrip-dd/Build/Products/Debug-iphonesimulator/PackageFrameworks\ /tmp/eusotrip-dd/Build/Products/Debug-iphonesimulator\ 
    export FRAMEWORK_VERSION\=A
    export FULL_PRODUCT_NAME\=EusoTrip.app
    export FUSE_BUILD_PHASES\=YES
    export FUSE_BUILD_SCRIPT_PHASES\=NO
    export GCC3_VERSION\=3.3
    export GCC_C_LANGUAGE_STANDARD\=gnu17
    export GCC_DYNAMIC_NO_PIC\=NO
    export GCC_INLINES_ARE_PRIVATE_EXTERN\=YES
    export GCC_NO_COMMON_BLOCKS\=YES
    export GCC_OBJC_LEGACY_DISPATCH\=YES
    export GCC_OPTIMIZATION_LEVEL\=0
    export GCC_PFE_FILE_C_DIALECTS\=c\ objective-c\ c++\ objective-c++
    export GCC_PREPROCESSOR_DEFINITIONS\=DEBUG\=1\ 
    export GCC_SYMBOLS_PRIVATE_EXTERN\=NO
    export GCC_TREAT_WARNINGS_AS_ERRORS\=NO
    export GCC_VERSION\=com.apple.compilers.llvm.clang.1_0
    export GCC_VERSION_IDENTIFIER\=com_apple_compilers_llvm_clang_1_0
    export GCC_WARN_64_TO_32_BIT_CONVERSION\=YES
    export GCC_WARN_ABOUT_RETURN_TYPE\=YES_ERROR
    export GCC_WARN_UNDECLARED_SELECTOR\=YES
    export GCC_WARN_UNINITIALIZED_AUTOS\=YES_AGGRESSIVE
    export GCC_WARN_UNUSED_FUNCTION\=YES
    export GCC_WARN_UNUSED_VARIABLE\=YES
    export GENERATED_MODULEMAP_DIR\=/tmp/eusotrip-dd/Build/Intermediates.noindex/GeneratedModuleMaps-iphonesimulator
    export GENERATE_INFOPLIST_FILE\=NO
    export GENERATE_INTERMEDIATE_TEXT_BASED_STUBS\=YES
    export GENERATE_PKGINFO_FILE\=YES
    export GENERATE_PRELINK_OBJECT_FILE\=NO
    export GENERATE_PROFILING_CODE\=NO
    export GENERATE_TEXT_BASED_STUBS\=NO
    export GID\=20
    export GROUP\=staff
    export HEADERMAP_INCLUDES_FLAT_ENTRIES_FOR_TARGET_BEING_BUILT\=YES
    export HEADERMAP_INCLUDES_FRAMEWORK_ENTRIES_FOR_ALL_PRODUCT_TYPES\=YES
    export HEADERMAP_INCLUDES_FRAMEWORK_ENTRIES_FOR_TARGETS_NOT_BEING_BUILT\=YES
    export HEADERMAP_INCLUDES_NONPUBLIC_NONPRIVATE_HEADERS\=YES
    export HEADERMAP_INCLUDES_PROJECT_HEADERS\=YES
    export HEADERMAP_USES_FRAMEWORK_PREFIX_ENTRIES\=YES
    export HEADERMAP_USES_VFS\=NO
    export HEADER_SEARCH_PATHS\=/tmp/eusotrip-dd/Build/Products/Debug-iphonesimulator/include\ 
    export HERE_ACCESS_KEY_ID\=aFi-kDtCV1dbeQjNR0SKWw
    export HERE_ACCESS_KEY_SECRET\=tu2LygcYLwnqBsPV0sgZ_PfFbZBquNoBrcwcKbaxJuGZIK48APnmLycnYKULfdLVcvBvz9tOpAbWoqIWcxtlNA
    export HERE_CLIENT_ID\=A8wYxsmwZBEqBIud1Jmc
    export HERE_JS_API_KEY\=9IdICMe90C28r5DOmEoXpRfnFRHnaXf8O8oP57bozkA
    export HERE_TOKEN_ENDPOINT_URL\=https://account.api.here.com/oauth2/token
    export HERE_USER_ID\=HERE-7239406a-1b48-45b5-9964-fb81d7a73a7a
    export HOME\=/Users/diegousoro
    export HOST_ARCH\=arm64
    export HOST_PLATFORM\=macosx
    export ICONV\=/usr/bin/iconv
    export IMPLICIT_DEPENDENCY_DOMAIN\=default
    export INDEX_STORE_COMPRESS\=NO
    export INDEX_STORE_ONLY_PROJECT_FILES\=NO
    export INFOPLIST_ENABLE_CFBUNDLEICONS_MERGE\=YES
    export INFOPLIST_EXPAND_BUILD_SETTINGS\=YES
    export INFOPLIST_FILE\=EusoTrip/Info.plist
    export INFOPLIST_KEY_HEREAccessKeyId\=aFi-kDtCV1dbeQjNR0SKWw
    export INFOPLIST_KEY_HEREAccessKeySecret\=tu2LygcYLwnqBsPV0sgZ_PfFbZBquNoBrcwcKbaxJuGZIK48APnmLycnYKULfdLVcvBvz9tOpAbWoqIWcxtlNA
    export INFOPLIST_KEY_HEREClientId\=A8wYxsmwZBEqBIud1Jmc
    export INFOPLIST_KEY_HEREJSApiKey\=9IdICMe90C28r5DOmEoXpRfnFRHnaXf8O8oP57bozkA
    export INFOPLIST_KEY_HERETokenEndpointURL\=https://account.api.here.com/oauth2/token
    export INFOPLIST_KEY_HEREUserId\=HERE-7239406a-1b48-45b5-9964-fb81d7a73a7a
    export INFOPLIST_KEY_NSLocationWhenInUseUsageDescription\=EusoTrip\ uses\ your\ location\ to\ show\ route\ weather,\ traffic,\ and\ nearby\ loads,\ and\ to\ automatically\ advance\ your\ trip\ screens\ when\ you\ arrive\ at\ pickup\ or\ delivery.
    export INFOPLIST_KEY_NSMicrophoneUsageDescription\=EusoTrip\ uses\ the\ microphone\ for\ ESANG\ voice\ commands\ so\ you\ can\ talk\ to\ your\ copilot\ hands-free.
    export INFOPLIST_KEY_NSMotionUsageDescription\=EusoTrip\ uses\ motion\ data\ to\ auto-detect\ when\ you\ start\ and\ stop\ driving\ so\ your\ HOS\ clock\ and\ trip\ screens\ advance\ without\ a\ tap.
    export INFOPLIST_KEY_NSNearbyInteractionUsageDescription\=EusoTrip\ uses\ Ultra-Wideband\ to\ help\ you\ dock\ your\ truck\ precisely\ at\ loading\ bays\ and\ to\ coordinate\ hazmat\ escort\ handoffs\ with\ nearby\ drivers.
    export INFOPLIST_KEY_NSSpeechRecognitionUsageDescription\=EusoTrip\ transcribes\ what\ you\ say\ to\ ESANG\ on-device\ so\ your\ copilot\ can\ answer\ and\ navigate\ the\ app\ for\ you.
    export INFOPLIST_KEY_UIApplicationSceneManifest_Generation\=YES
    export INFOPLIST_KEY_UIApplicationSupportsIndirectInputEvents\=YES
    export INFOPLIST_KEY_UIBackgroundModes\=remote-notification
    export INFOPLIST_KEY_UILaunchScreen_Generation\=YES
    export INFOPLIST_KEY_UISupportedInterfaceOrientations_iPad\=UIInterfaceOrientationPortrait\ UIInterfaceOrientationPortraitUpsideDown\ UIInterfaceOrientationLandscapeLeft\ UIInterfaceOrientationLandscapeRight
    export INFOPLIST_KEY_UISupportedInterfaceOrientations_iPhone\=UIInterfaceOrientationPortrait\ UIInterfaceOrientationLandscapeLeft\ UIInterfaceOrientationLandscapeRight
    export INFOPLIST_OUTPUT_FORMAT\=binary
    export INFOPLIST_PATH\=EusoTrip.app/Info.plist
    export INFOPLIST_PREPROCESS\=NO
    export INFOSTRINGS_PATH\=EusoTrip.app/en.lproj/InfoPlist.strings
    export INLINE_PRIVATE_FRAMEWORKS\=NO
    export INSTALLAPI_IGNORE_SKIP_INSTALL\=YES
    export INSTALLHDRS_COPY_PHASE\=NO
    export INSTALLHDRS_SCRIPT_PHASE\=NO
    export INSTALL_DIR\=/tmp/EusoTrip.dst/Applications
    export INSTALL_GROUP\=staff
    export INSTALL_MODE_FLAG\=u+w,go-w,a+rX
    export INSTALL_OWNER\=diegousoro
    export INSTALL_PATH\=/Applications
    export INSTALL_ROOT\=/tmp/EusoTrip.dst
    export IPHONEOS_DEPLOYMENT_TARGET\=17.0
    export IS_UNOPTIMIZED_BUILD\=YES
    export JAVAC_DEFAULT_FLAGS\=-J-Xms64m\ -J-XX:NewSize\=4M\ -J-Dfile.encoding\=UTF8
    export JAVA_APP_STUB\=/System/Library/Frameworks/JavaVM.framework/Resources/MacOS/JavaApplicationStub
    export JAVA_ARCHIVE_CLASSES\=YES
    export JAVA_ARCHIVE_TYPE\=JAR
    export JAVA_COMPILER\=/usr/bin/javac
    export JAVA_FOLDER_PATH\=EusoTrip.app/Java
    export JAVA_FRAMEWORK_RESOURCES_DIRS\=Resources
    export JAVA_JAR_FLAGS\=cv
    export JAVA_SOURCE_SUBDIR\=.
    export JAVA_USE_DEPENDENCIES\=YES
    export JAVA_ZIP_FLAGS\=-urg
    export JIKES_DEFAULT_FLAGS\=+E\ +OLDCSO
    export KEEP_PRIVATE_EXTERNS\=NO
    export LD_DEPENDENCY_INFO_FILE\=/tmp/eusotrip-dd/Build/Intermediates.noindex/EusoTrip.build/Debug-iphonesimulator/EusoTrip.build/Objects-normal/undefined_arch/EusoTrip_dependency_info.dat
    export LD_ENTITLEMENTS_SECTION\=/tmp/eusotrip-dd/Build/Intermediates.noindex/EusoTrip.build/Debug-iphonesimulator/EusoTrip.build/EusoTrip.app-Simulated.xcent
    export LD_ENTITLEMENTS_SECTION_DER\=/tmp/eusotrip-dd/Build/Intermediates.noindex/EusoTrip.build/Debug-iphonesimulator/EusoTrip.build/EusoTrip.app-Simulated.xcent.der
    export LD_EXPORT_SYMBOLS\=YES
    export LD_GENERATE_MAP_FILE\=NO
    export LD_MAP_FILE_PATH\=/tmp/eusotrip-dd/Build/Intermediates.noindex/EusoTrip.build/Debug-iphonesimulator/EusoTrip.build/EusoTrip-LinkMap-normal-undefined_arch.txt
    export LD_NO_PIE\=NO
    export LD_QUOTE_LINKER_ARGUMENTS_FOR_COMPILER_DRIVER\=YES
    export LD_RUNPATH_SEARCH_PATHS\=/tmp/eusotrip-dd/Build/Products/Debug-iphonesimulator/PackageFrameworks\ @executable_path/Frameworks
    export LD_RUNPATH_SEARCH_PATHS_YES\=@loader_path/../Frameworks
    export LD_SHARED_CACHE_ELIGIBLE\=Automatic
    export LD_WARN_DUPLICATE_LIBRARIES\=NO
    export LD_WARN_UNUSED_DYLIBS\=NO
    export LEGACY_DEVELOPER_DIR\=/Applications/Xcode.app/Contents/PlugIns/Xcode3Core.ideplugin/Contents/SharedSupport/Developer
    export LEX\=lex
    export LIBRARY_DEXT_INSTALL_PATH\=/Library/DriverExtensions
    export LIBRARY_FLAG_NOSPACE\=YES
    export LIBRARY_FLAG_PREFIX\=-l
    export LIBRARY_KEXT_INSTALL_PATH\=/Library/Extensions
    export LIBRARY_SEARCH_PATHS\=/tmp/eusotrip-dd/Build/Products/Debug-iphonesimulator\ 
    export LINKER_DISPLAYS_MANGLED_NAMES\=NO
    export LINK_FILE_LIST_normal_arm64\=/tmp/eusotrip-dd/Build/Intermediates.noindex/EusoTrip.build/Debug-iphonesimulator/EusoTrip.build/Objects-normal/arm64/EusoTrip.LinkFileList
    export LINK_FILE_LIST_normal_x86_64\=/tmp/eusotrip-dd/Build/Intermediates.noindex/EusoTrip.build/Debug-iphonesimulator/EusoTrip.build/Objects-normal/x86_64/EusoTrip.LinkFileList
    export LINK_OBJC_RUNTIME\=YES
    export LINK_WITH_STANDARD_LIBRARIES\=YES
    export LLVM_TARGET_TRIPLE_OS_VERSION\=ios17.0
    export LLVM_TARGET_TRIPLE_SUFFIX\=-simulator
    export LLVM_TARGET_TRIPLE_VENDOR\=apple
    export LM_AUX_CONST_METADATA_LIST_PATH_normal_arm64\=/tmp/eusotrip-dd/Build/Intermediates.noindex/EusoTrip.build/Debug-iphonesimulator/EusoTrip.build/Objects-normal/arm64/EusoTrip.SwiftConstValuesFileList
    export LM_AUX_CONST_METADATA_LIST_PATH_normal_x86_64\=/tmp/eusotrip-dd/Build/Intermediates.noindex/EusoTrip.build/Debug-iphonesimulator/EusoTrip.build/Objects-normal/x86_64/EusoTrip.SwiftConstValuesFileList
    export LOCALIZATION_EXPORT_SUPPORTED\=YES
    export LOCALIZATION_PREFERS_STRING_CATALOGS\=YES
    export LOCALIZED_RESOURCES_FOLDER_PATH\=EusoTrip.app/en.lproj
    export LOCALIZED_STRING_CODE_COMMENTS\=NO
    export LOCALIZED_STRING_MACRO_NAMES\=NSLocalizedString\ CFCopyLocalizedString
    export LOCALIZED_STRING_SWIFTUI_SUPPORT\=YES
    export LOCAL_ADMIN_APPS_DIR\=/Applications/Utilities
    export LOCAL_APPS_DIR\=/Applications
    export LOCAL_DEVELOPER_DIR\=/Library/Developer
    export LOCAL_LIBRARY_DIR\=/Library
    export LOCROOT\=/Users/diegousoro/Desktop/EusoTrip\ by\ Eusorone\ Technologies,\ Inc
    export LOCSYMROOT\=/Users/diegousoro/Desktop/EusoTrip\ by\ Eusorone\ Technologies,\ Inc
    export MACH_O_TYPE\=mh_execute
    export MAC_OS_X_PRODUCT_BUILD_VERSION\=25E253
    export MAC_OS_X_VERSION_ACTUAL\=260401
    export MAC_OS_X_VERSION_MAJOR\=260000
    export MAC_OS_X_VERSION_MINOR\=260400
    export MAKE_MERGEABLE\=NO
    export MARKETING_VERSION\=1.0
    export MERGEABLE_LIBRARY\=NO
    export MERGED_BINARY_TYPE\=none
    export MERGE_LINKED_LIBRARIES\=NO
    export METAL_LIBRARY_FILE_BASE\=default
    export METAL_LIBRARY_OUTPUT_DIR\=/tmp/eusotrip-dd/Build/Products/Debug-iphonesimulator/EusoTrip.app
    export MODULES_FOLDER_PATH\=EusoTrip.app/Modules
    export MODULE_CACHE_DIR\=/tmp/eusotrip-dd/ModuleCache.noindex
    export MTL_FAST_MATH\=YES
    export NATIVE_ARCH\=arm64
    export NATIVE_ARCH_32_BIT\=arm
    export NATIVE_ARCH_64_BIT\=arm64
    export NATIVE_ARCH_ACTUAL\=arm64
    export NO_COMMON\=YES
    export OBJC_ABI_VERSION\=2
    export OBJECT_FILE_DIR\=/tmp/eusotrip-dd/Build/Intermediates.noindex/EusoTrip.build/Debug-iphonesimulator/EusoTrip.build/Objects
    export OBJECT_FILE_DIR_normal\=/tmp/eusotrip-dd/Build/Intermediates.noindex/EusoTrip.build/Debug-iphonesimulator/EusoTrip.build/Objects-normal
    export OBJROOT\=/tmp/eusotrip-dd/Build/Intermediates.noindex
    export ONLY_ACTIVE_ARCH\=NO
    export OS\=MACOS
    export OSAC\=/usr/bin/osacompile
    export OTHER_CFLAGS\=-fmodule-map-file\=/tmp/eusotrip-dd/Build/Intermediates.noindex/GeneratedModuleMaps-iphonesimulator/Lottie.modulemap\ 
    export OTHER_CPLUSPLUSFLAGS\=-fmodule-map-file\=/tmp/eusotrip-dd/Build/Intermediates.noindex/GeneratedModuleMaps-iphonesimulator/Lottie.modulemap\ 
    export OTHER_LDFLAGS\=-Wl,-no_warn_duplicate_libraries\ 
    export PACKAGE_TYPE\=com.apple.package-type.wrapper.application
    export PASCAL_STRINGS\=YES
    export PATH\=/Applications/Xcode.app/Contents/SharedFrameworks/SwiftBuild.framework/Versions/A/PlugIns/SWBBuildService.bundle/Contents/PlugIns/SWBUniversalPlatformPlugin.bundle/Contents/Frameworks/SWBUniversalPlatform.framework/Resources:/Applications/Xcode.app/Contents/Developer/Toolchains/XcodeDefault.xctoolchain/usr/bin:/Applications/Xcode.app/Contents/Developer/Toolchains/XcodeDefault.xctoolchain/usr/local/bin:/Applications/Xcode.app/Contents/Developer/Toolchains/XcodeDefault.xctoolchain/usr/libexec:/Applications/Xcode.app/Contents/Developer/Platforms/iPhoneSimulator.platform/usr/bin:/Applications/Xcode.app/Contents/Developer/Platforms/iPhoneSimulator.platform/usr/local/bin:/Applications/Xcode.app/Contents/Developer/Platforms/iPhoneSimulator.platform/Developer/usr/bin:/Applications/Xcode.app/Contents/Developer/Platforms/iPhoneSimulator.platform/Developer/usr/local/bin:/Applications/Xcode.app/Contents/Developer/usr/bin:/Applications/Xcode.app/Contents/Developer/usr/local/bin:/Users/diegousoro/.local/bin:/opt/homebrew/bin:/opt/homebrew/sbin:/usr/local/bin:/System/Cryptexes/App/usr/bin:/usr/bin:/bin:/usr/sbin:/sbin:/var/run/com.apple.security.cryptexd/codex.system/bootstrap/usr/local/bin:/var/run/com.apple.security.cryptexd/codex.system/bootstrap/usr/bin:/var/run/com.apple.security.cryptexd/codex.system/bootstrap/usr/appleinternal/bin:/opt/pkg/env/active/bin:/opt/pmk/env/global/bin://Applications/Topaz\ Gigapixel\ AI.app/Contents/Resources/bin:/Library/Apple/usr/bin:/Users/diegousoro/.claude/plugins/cache/claude-plugins-official/swift-lsp/1.0.0/bin
    export PATH_PREFIXES_EXCLUDED_FROM_HEADER_DEPENDENCIES\=/usr/include\ /usr/local/include\ /System/Library/Frameworks\ /System/Library/PrivateFrameworks\ /Applications/Xcode.app/Contents/Developer/Headers\ /Applications/Xcode.app/Contents/Developer/SDKs\ /Applications/Xcode.app/Contents/Developer/Platforms
    export PBDEVELOPMENTPLIST_PATH\=EusoTrip.app/pbdevelopment.plist
    export PER_ARCH_MODULE_FILE_DIR\=/tmp/eusotrip-dd/Build/Intermediates.noindex/EusoTrip.build/Debug-iphonesimulator/EusoTrip.build/Objects-normal/undefined_arch
    export PER_ARCH_OBJECT_FILE_DIR\=/tmp/eusotrip-dd/Build/Intermediates.noindex/EusoTrip.build/Debug-iphonesimulator/EusoTrip.build/Objects-normal/undefined_arch
    export PER_VARIANT_OBJECT_FILE_DIR\=/tmp/eusotrip-dd/Build/Intermediates.noindex/EusoTrip.build/Debug-iphonesimulator/EusoTrip.build/Objects-normal
    export PKGINFO_FILE_PATH\=/tmp/eusotrip-dd/Build/Intermediates.noindex/EusoTrip.build/Debug-iphonesimulator/EusoTrip.build/PkgInfo
    export PKGINFO_PATH\=EusoTrip.app/PkgInfo
    export PLATFORM_DEVELOPER_APPLICATIONS_DIR\=/Applications/Xcode.app/Contents/Developer/Platforms/iPhoneSimulator.platform/Developer/Applications
    export PLATFORM_DEVELOPER_BIN_DIR\=/Applications/Xcode.app/Contents/Developer/Platforms/iPhoneSimulator.platform/Developer/usr/bin
    export PLATFORM_DEVELOPER_LIBRARY_DIR\=/Applications/Xcode.app/Contents/Developer/Platforms/iPhoneSimulator.platform/Developer/Library
    export PLATFORM_DEVELOPER_SDK_DIR\=/Applications/Xcode.app/Contents/Developer/Platforms/iPhoneSimulator.platform/Developer/SDKs
    export PLATFORM_DEVELOPER_TOOLS_DIR\=/Applications/Xcode.app/Contents/Developer/Platforms/iPhoneSimulator.platform/Developer/Tools
    export PLATFORM_DEVELOPER_USR_DIR\=/Applications/Xcode.app/Contents/Developer/Platforms/iPhoneSimulator.platform/Developer/usr
    export PLATFORM_DIR\=/Applications/Xcode.app/Contents/Developer/Platforms/iPhoneSimulator.platform
    export PLATFORM_DISPLAY_NAME\=iOS\ Simulator
    export PLATFORM_FAMILY_NAME\=iOS
    export PLATFORM_NAME\=iphonesimulator
    export PLATFORM_PREFERRED_ARCH\=x86_64
    export PLATFORM_PRODUCT_BUILD_VERSION\=23F73
    export PLATFORM_REQUIRES_SWIFT_AUTOLINK_EXTRACT\=NO
    export PLATFORM_REQUIRES_SWIFT_MODULEWRAP\=NO
    export PLATFORM_USES_DSYMS\=YES
    export PLIST_FILE_OUTPUT_FORMAT\=binary
    export PLUGINS_FOLDER_PATH\=EusoTrip.app/PlugIns
    export PRECOMPS_INCLUDE_HEADERS_FROM_BUILT_PRODUCTS_DIR\=YES
    export PRECOMP_DESTINATION_DIR\=/tmp/eusotrip-dd/Build/Intermediates.noindex/EusoTrip.build/Debug-iphonesimulator/EusoTrip.build/PrefixHeaders
    export PRIVATE_HEADERS_FOLDER_PATH\=EusoTrip.app/PrivateHeaders
    export PROCESSED_INFOPLIST_PATH\=/tmp/eusotrip-dd/Build/Intermediates.noindex/EusoTrip.build/Debug-iphonesimulator/EusoTrip.build/Objects-normal/undefined_arch/Processed-Info.plist
    export PRODUCT_BUNDLE_IDENTIFIER\=com.app.eusotrip
    export PRODUCT_BUNDLE_PACKAGE_TYPE\=APPL
    export PRODUCT_MODULE_NAME\=EusoTrip
    export PRODUCT_NAME\=EusoTrip
    export PRODUCT_SETTINGS_PATH\=/Users/diegousoro/Desktop/EusoTrip\ by\ Eusorone\ Technologies,\ Inc/EusoTrip/Info.plist
    export PRODUCT_TYPE\=com.apple.product-type.application
    export PROFILING_CODE\=NO
    export PROJECT\=EusoTrip
    export PROJECT_DERIVED_FILE_DIR\=/tmp/eusotrip-dd/Build/Intermediates.noindex/EusoTrip.build/DerivedSources
    export PROJECT_DIR\=/Users/diegousoro/Desktop/EusoTrip\ by\ Eusorone\ Technologies,\ Inc
    export PROJECT_FILE_PATH\=/Users/diegousoro/Desktop/EusoTrip\ by\ Eusorone\ Technologies,\ Inc/EusoTrip.xcodeproj
    export PROJECT_GUID\=b4a33943895d5b68a84b74b6298b5375
    export PROJECT_NAME\=EusoTrip
    export PROJECT_TEMP_DIR\=/tmp/eusotrip-dd/Build/Intermediates.noindex/EusoTrip.build
    export PROJECT_TEMP_ROOT\=/tmp/eusotrip-dd/Build/Intermediates.noindex
    export PROVISIONING_PROFILE_REQUIRED\=NO
    export PROVISIONING_PROFILE_REQUIRED_YES_YES\=YES
    export PROVISIONING_PROFILE_SUPPORTED\=YES
    export PUBLIC_HEADERS_FOLDER_PATH\=EusoTrip.app/Headers
    export RECOMMENDED_IPHONEOS_DEPLOYMENT_TARGET\=15.0
    export RECURSIVE_SEARCH_PATHS_FOLLOW_SYMLINKS\=YES
    export REMOVE_CVS_FROM_RESOURCES\=YES
    export REMOVE_GIT_FROM_RESOURCES\=YES
    export REMOVE_HEADERS_FROM_EMBEDDED_BUNDLES\=YES
    export REMOVE_HG_FROM_RESOURCES\=YES
    export REMOVE_STATIC_EXECUTABLES_FROM_EMBEDDED_BUNDLES\=YES
    export REMOVE_SVN_FROM_RESOURCES\=YES
    export RESCHEDULE_INDEPENDENT_HEADERS_PHASES\=YES
    export REZ_COLLECTOR_DIR\=/tmp/eusotrip-dd/Build/Intermediates.noindex/EusoTrip.build/Debug-iphonesimulator/EusoTrip.build/ResourceManagerResources
    export REZ_OBJECTS_DIR\=/tmp/eusotrip-dd/Build/Intermediates.noindex/EusoTrip.build/Debug-iphonesimulator/EusoTrip.build/ResourceManagerResources/Objects
    export REZ_SEARCH_PATHS\=/tmp/eusotrip-dd/Build/Products/Debug-iphonesimulator\ 
    export RPATH_ORIGIN\=@loader_path
    export RUNTIME_EXCEPTION_ALLOW_DYLD_ENVIRONMENT_VARIABLES\=NO
    export RUNTIME_EXCEPTION_ALLOW_JIT\=NO
    export RUNTIME_EXCEPTION_ALLOW_UNSIGNED_EXECUTABLE_MEMORY\=NO
    export RUNTIME_EXCEPTION_DEBUGGING_TOOL\=NO
    export RUNTIME_EXCEPTION_DISABLE_EXECUTABLE_PAGE_PROTECTION\=NO
    export RUNTIME_EXCEPTION_DISABLE_LIBRARY_VALIDATION\=NO
    export SCANNING_PCM_KEEP_CACHE_DIRECTORY\=YES
    export SCAN_ALL_SOURCE_FILES_FOR_INCLUDES\=NO
    export SCRIPTS_FOLDER_PATH\=EusoTrip.app/Scripts
    export SCRIPT_INPUT_FILE_COUNT\=0
    export SCRIPT_INPUT_FILE_LIST_COUNT\=0
    export SCRIPT_OUTPUT_FILE_COUNT\=0
    export SCRIPT_OUTPUT_FILE_LIST_COUNT\=0
    export SDKROOT\=/Applications/Xcode.app/Contents/Developer/Platforms/iPhoneSimulator.platform/Developer/SDKs/iPhoneSimulator26.5.sdk
    export SDK_DIR\=/Applications/Xcode.app/Contents/Developer/Platforms/iPhoneSimulator.platform/Developer/SDKs/iPhoneSimulator26.5.sdk
    export SDK_DIR_iphonesimulator\=/Applications/Xcode.app/Contents/Developer/Platforms/iPhoneSimulator.platform/Developer/SDKs/iPhoneSimulator26.5.sdk
    export SDK_DIR_iphonesimulator26_5\=/Applications/Xcode.app/Contents/Developer/Platforms/iPhoneSimulator.platform/Developer/SDKs/iPhoneSimulator26.5.sdk
    export SDK_NAME\=iphonesimulator26.5
    export SDK_NAMES\=iphonesimulator26.5
    export SDK_PRODUCT_BUILD_VERSION\=23F73
    export SDK_STAT_CACHE_DIR\=/tmp/eusotrip-dd
    export SDK_STAT_CACHE_ENABLE\=YES
    export SDK_STAT_CACHE_PATH\=/tmp/eusotrip-dd/SDKStatCaches.noindex/iphonesimulator26.5-23F73-6cfe768891a92b912361537c460fe42b.sdkstatcache
    export SDK_VERSION\=26.5
    export SDK_VERSION_ACTUAL\=260500
    export SDK_VERSION_MAJOR\=260000
    export SDK_VERSION_MINOR\=260500
    export SED\=/usr/bin/sed
    export SEPARATE_STRIP\=NO
    export SEPARATE_SYMBOL_EDIT\=NO
    export SET_DIR_MODE_OWNER_GROUP\=YES
    export SET_FILE_MODE_OWNER_GROUP\=NO
    export SHALLOW_BUNDLE\=YES
    export SHALLOW_BUNDLE_TRIPLE\=ios-simulator
    export SHALLOW_BUNDLE_ios_macabi\=NO
    export SHALLOW_BUNDLE_macos\=NO
    export SHARED_DERIVED_FILE_DIR\=/tmp/eusotrip-dd/Build/Products/Debug-iphonesimulator/DerivedSources
    export SHARED_FRAMEWORKS_FOLDER_PATH\=EusoTrip.app/SharedFrameworks
    export SHARED_PRECOMPS_DIR\=/tmp/eusotrip-dd/Build/Intermediates.noindex/PrecompiledHeaders
    export SHARED_SUPPORT_FOLDER_PATH\=EusoTrip.app/SharedSupport
    export SKIP_INSTALL\=NO
    export SKIP_MERGEABLE_LIBRARY_BUNDLE_HOOK\=NO
    export SOURCE_ROOT\=/Users/diegousoro/Desktop/EusoTrip\ by\ Eusorone\ Technologies,\ Inc
    export SRCROOT\=/Users/diegousoro/Desktop/EusoTrip\ by\ Eusorone\ Technologies,\ Inc
    export STRINGSDATA_DIR\=/tmp/eusotrip-dd/Build/Intermediates.noindex/EusoTrip.build/Debug-iphonesimulator/EusoTrip.build/Objects-normal/undefined_arch
    export STRINGSDATA_ROOT\=/tmp/eusotrip-dd/Build/Intermediates.noindex/EusoTrip.build/Debug-iphonesimulator/EusoTrip.build
    export STRINGS_FILE_INFOPLIST_RENAME\=YES
    export STRINGS_FILE_OUTPUT_ENCODING\=binary
    export STRING_CATALOG_GENERATE_SYMBOLS\=YES
    export STRIP_BITCODE_FROM_COPIED_FILES\=NO
    export STRIP_INSTALLED_PRODUCT\=NO
    export STRIP_STYLE\=all
    export STRIP_SWIFT_SYMBOLS\=YES
    export SUPPORTED_DEVICE_FAMILIES\=1,2
    export SUPPORTED_PLATFORMS\=iphoneos\ iphonesimulator
    export SUPPORTS_MACCATALYST\=NO
    export SUPPORTS_ON_DEMAND_RESOURCES\=YES
    export SUPPORTS_TEXT_BASED_API\=NO
    export SUPPRESS_WARNINGS\=NO
    export SWIFT_ACTIVE_COMPILATION_CONDITIONS\=DEBUG\ 
    export SWIFT_EMIT_CONST_VALUE_PROTOCOLS\=AnyResolverProviding\ AppEntity\ AppEnum\ AppExtension\ AppIntent\ AppIntentsPackage\ AppShortcutProviding\ AppShortcutsProvider\ AppUnionValue\ AppUnionValueCasesProviding\ DynamicOptionsProvider\ EntityQuery\ ExtensionPointDefining\ IntentValueQuery\ Resolver\ TransientEntity\ _AssistantIntentsProvider\ _GenerativeFunctionExtractable\ _IntentValueRepresentable
    export SWIFT_EMIT_LOC_STRINGS\=YES
    export SWIFT_ENABLE_EXPLICIT_MODULES\=YES
    export SWIFT_OPTIMIZATION_LEVEL\=-Onone
    export SWIFT_PLATFORM_TARGET_PREFIX\=ios
    export SWIFT_RESPONSE_FILE_PATH_normal_arm64\=/tmp/eusotrip-dd/Build/Intermediates.noindex/EusoTrip.build/Debug-iphonesimulator/EusoTrip.build/Objects-normal/arm64/EusoTrip.SwiftFileList
    export SWIFT_RESPONSE_FILE_PATH_normal_x86_64\=/tmp/eusotrip-dd/Build/Intermediates.noindex/EusoTrip.build/Debug-iphonesimulator/EusoTrip.build/Objects-normal/x86_64/EusoTrip.SwiftFileList
    export SWIFT_VERSION\=5.0
    export SYMROOT\=/tmp/eusotrip-dd/Build/Products
    export SYSTEM_ADMIN_APPS_DIR\=/Applications/Utilities
    export SYSTEM_APPS_DIR\=/Applications
    export SYSTEM_CORE_SERVICES_DIR\=/System/Library/CoreServices
    export SYSTEM_DEMOS_DIR\=/Applications/Extras
    export SYSTEM_DEVELOPER_APPS_DIR\=/Applications/Xcode.app/Contents/Developer/Applications
    export SYSTEM_DEVELOPER_BIN_DIR\=/Applications/Xcode.app/Contents/Developer/usr/bin
    export SYSTEM_DEVELOPER_DEMOS_DIR\=/Applications/Xcode.app/Contents/Developer/Applications/Utilities/Built\ Examples
    export SYSTEM_DEVELOPER_DIR\=/Applications/Xcode.app/Contents/Developer
    export SYSTEM_DEVELOPER_DOC_DIR\=/Applications/Xcode.app/Contents/Developer/ADC\ Reference\ Library
    export SYSTEM_DEVELOPER_GRAPHICS_TOOLS_DIR\=/Applications/Xcode.app/Contents/Developer/Applications/Graphics\ Tools
    export SYSTEM_DEVELOPER_JAVA_TOOLS_DIR\=/Applications/Xcode.app/Contents/Developer/Applications/Java\ Tools
    export SYSTEM_DEVELOPER_PERFORMANCE_TOOLS_DIR\=/Applications/Xcode.app/Contents/Developer/Applications/Performance\ Tools
    export SYSTEM_DEVELOPER_RELEASENOTES_DIR\=/Applications/Xcode.app/Contents/Developer/ADC\ Reference\ Library/releasenotes
    export SYSTEM_DEVELOPER_TOOLS\=/Applications/Xcode.app/Contents/Developer/Tools
    export SYSTEM_DEVELOPER_TOOLS_DOC_DIR\=/Applications/Xcode.app/Contents/Developer/ADC\ Reference\ Library/documentation/DeveloperTools
    export SYSTEM_DEVELOPER_TOOLS_RELEASENOTES_DIR\=/Applications/Xcode.app/Contents/Developer/ADC\ Reference\ Library/releasenotes/DeveloperTools
    export SYSTEM_DEVELOPER_USR_DIR\=/Applications/Xcode.app/Contents/Developer/usr
    export SYSTEM_DEVELOPER_UTILITIES_DIR\=/Applications/Xcode.app/Contents/Developer/Applications/Utilities
    export SYSTEM_DEXT_INSTALL_PATH\=/System/Library/DriverExtensions
    export SYSTEM_DOCUMENTATION_DIR\=/Library/Documentation
    export SYSTEM_EXTENSIONS_FOLDER_PATH\=EusoTrip.app/SystemExtensions
    export SYSTEM_EXTENSIONS_FOLDER_PATH_SHALLOW_BUNDLE_NO\=EusoTrip.app/Library/SystemExtensions
    export SYSTEM_EXTENSIONS_FOLDER_PATH_SHALLOW_BUNDLE_YES\=EusoTrip.app/SystemExtensions
    export SYSTEM_KEXT_INSTALL_PATH\=/System/Library/Extensions
    export SYSTEM_LIBRARY_DIR\=/System/Library
    export TAPI_DEMANGLE\=YES
    export TAPI_ENABLE_PROJECT_HEADERS\=NO
    export TAPI_LANGUAGE\=objective-c
    export TAPI_LANGUAGE_STANDARD\=compiler-default
    export TAPI_USE_SRCROOT\=YES
    export TAPI_VERIFY_MODE\=Pedantic
    export TARGETED_DEVICE_FAMILY\=1,2
    export TARGETNAME\=EusoTrip
    export TARGET_BUILD_DIR\=/tmp/eusotrip-dd/Build/Products/Debug-iphonesimulator
    export TARGET_NAME\=EusoTrip
    export TARGET_TEMP_DIR\=/tmp/eusotrip-dd/Build/Intermediates.noindex/EusoTrip.build/Debug-iphonesimulator/EusoTrip.build
    export TEMP_DIR\=/tmp/eusotrip-dd/Build/Intermediates.noindex/EusoTrip.build/Debug-iphonesimulator/EusoTrip.build
    export TEMP_FILES_DIR\=/tmp/eusotrip-dd/Build/Intermediates.noindex/EusoTrip.build/Debug-iphonesimulator/EusoTrip.build
    export TEMP_FILE_DIR\=/tmp/eusotrip-dd/Build/Intermediates.noindex/EusoTrip.build/Debug-iphonesimulator/EusoTrip.build
    export TEMP_ROOT\=/tmp/eusotrip-dd/Build/Intermediates.noindex
    export TEMP_SANDBOX_DIR\=/tmp/eusotrip-dd/Build/Intermediates.noindex/TemporaryTaskSandboxes
    export TEST_FRAMEWORK_SEARCH_PATHS\=\ /Applications/Xcode.app/Contents/Developer/Platforms/iPhoneSimulator.platform/Developer/Library/Frameworks\ /Applications/Xcode.app/Contents/Developer/Platforms/iPhoneSimulator.platform/Developer/SDKs/iPhoneSimulator26.5.sdk/Developer/Library/Frameworks
    export TEST_LIBRARY_SEARCH_PATHS\=\ /Applications/Xcode.app/Contents/Developer/Platforms/iPhoneSimulator.platform/Developer/usr/lib
    export TOOLCHAINS\=com.apple.dt.toolchain.XcodeDefault
    export TOOLCHAIN_DIR\=/Applications/Xcode.app/Contents/Developer/Toolchains/XcodeDefault.xctoolchain
    export TREAT_MISSING_BASELINES_AS_TEST_FAILURES\=NO
    export TREAT_MISSING_SCRIPT_PHASE_OUTPUTS_AS_ERRORS\=NO
    export TeamIdentifierPrefix\=665Z3ZBZS2.
    export UID\=501
    export UNINSTALLED_PRODUCTS_DIR\=/tmp/eusotrip-dd/Build/Intermediates.noindex/UninstalledProducts
    export UNLOCALIZED_RESOURCES_FOLDER_PATH\=EusoTrip.app
    export UNLOCALIZED_RESOURCES_FOLDER_PATH_SHALLOW_BUNDLE_NO\=EusoTrip.app/Resources
    export UNLOCALIZED_RESOURCES_FOLDER_PATH_SHALLOW_BUNDLE_YES\=EusoTrip.app
    export UNSTRIPPED_PRODUCT\=NO
    export USER\=diegousoro
    export USER_APPS_DIR\=/Users/diegousoro/Applications
    export USER_LIBRARY_DIR\=/Users/diegousoro/Library
    export USE_DYNAMIC_NO_PIC\=YES
    export USE_HEADERMAP\=YES
    export USE_HEADER_SYMLINKS\=NO
    export VALIDATE_DEVELOPMENT_ASSET_PATHS\=YES_ERROR
    export VALIDATE_PRODUCT\=NO
    export VALID_ARCHS\=arm64\ x86_64
    export VERBOSE_PBXCP\=NO
    export VERSIONPLIST_PATH\=EusoTrip.app/version.plist
    export VERSION_INFO_BUILDER\=diegousoro
    export VERSION_INFO_FILE\=EusoTrip_vers.c
    export VERSION_INFO_STRING\=\"@\(\#\)PROGRAM:EusoTrip\ \ PROJECT:EusoTrip-302\"
    export WORKSPACE_DIR\=/Users/diegousoro/Desktop/EusoTrip\ by\ Eusorone\ Technologies,\ Inc/EusoTrip.xcodeproj
    export WRAPPER_EXTENSION\=app
    export WRAPPER_NAME\=EusoTrip.app
    export WRAPPER_SUFFIX\=.app
    export WRAP_ASSET_PACKS_IN_SEPARATE_DIRECTORIES\=NO
    export XCODE_APP_SUPPORT_DIR\=/Applications/Xcode.app/Contents/Developer/Library/Xcode
    export XCODE_PRODUCT_BUILD_VERSION\=17F42
    export XCODE_VERSION_ACTUAL\=2650
    export XCODE_VERSION_MAJOR\=2600
    export XCODE_VERSION_MINOR\=2650
    export XPCSERVICES_FOLDER_PATH\=EusoTrip.app/XPCServices
    export YACC\=yacc
    export _DISCOVER_COMMAND_LINE_LINKER_INPUTS\=YES
    export _DISCOVER_COMMAND_LINE_LINKER_INPUTS_INCLUDE_WL\=YES
    export _LD_MULTIARCH\=YES
    export _WRAPPER_CONTENTS_DIR_SHALLOW_BUNDLE_NO\=/Contents
    export _WRAPPER_PARENT_PATH_SHALLOW_BUNDLE_NO\=/..
    export _WRAPPER_RESOURCES_DIR_SHALLOW_BUNDLE_NO\=/Resources
    export __DIAGNOSE_DEPRECATED_ARCHS\=YES
    export __IS_NOT_MACOS\=YES
    export __IS_NOT_MACOS_macosx\=NO
    export __IS_NOT_SIMULATOR\=NO
    export __IS_NOT_SIMULATOR_simulator\=NO
    export __ORIGINAL_SDK_DEFINED_LLVM_TARGET_TRIPLE_SYS\=ios
    export arch\=undefined_arch
    export variant\=normal
    /bin/sh -c /tmp/eusotrip-dd/Build/Intermediates.noindex/EusoTrip.build/Debug-iphonesimulator/EusoTrip.build/Script-BUMP00001000000000000001.sh
[auto-bump] CFBundleVersion → 703 (git=617, floor=703)
[auto-bump]   ↳ PlugIns/EusoTripiOSWidgets.appex/Info.plist → 703
[auto-bump]   ↳ Watch/EusoTrip Pulse Watch App.app/Info.plist → 703

ExtractAppIntentsMetadata (in target 'EusoTrip' from project 'EusoTrip')
    cd /Users/diegousoro/Desktop/EusoTrip\ by\ Eusorone\ Technologies,\ Inc
    /Applications/Xcode.app/Contents/Developer/Toolchains/XcodeDefault.xctoolchain/usr/bin/appintentsmetadataprocessor --toolchain-dir /Applications/Xcode.app/Contents/Developer/Toolchains/XcodeDefault.xctoolchain --module-name EusoTrip --sdk-root /Applications/Xcode.app/Contents/Developer/Platforms/iPhoneSimulator.platform/Developer/SDKs/iPhoneSimulator26.5.sdk --xcode-version 17F42 --platform-family iOS --deployment-target 17.0 --bundle-identifier com.app.eusotrip --output /tmp/eusotrip-dd/Build/Products/Debug-iphonesimulator/EusoTrip.app --target-triple arm64-apple-ios17.0-simulator --target-triple x86_64-apple-ios17.0-simulator --binary-file /tmp/eusotrip-dd/Build/Products/Debug-iphonesimulator/EusoTrip.app/EusoTrip --dependency-file /tmp/eusotrip-dd/Build/Intermediates.noindex/EusoTrip.build/Debug-iphonesimulator/EusoTrip.build/Objects-normal/arm64/EusoTrip_dependency_info.dat --dependency-file /tmp/eusotrip-dd/Build/Intermediates.noindex/EusoTrip.build/Debug-iphonesimulator/EusoTrip.build/Objects-normal/x86_64/EusoTrip_dependency_info.dat --stringsdata-file /tmp/eusotrip-dd/Build/Intermediates.noindex/EusoTrip.build/Debug-iphonesimulator/EusoTrip.build/Objects-normal/arm64/ExtractedAppShortcutsMetadata.stringsdata --stringsdata-file /tmp/eusotrip-dd/Build/Intermediates.noindex/EusoTrip.build/Debug-iphonesimulator/EusoTrip.build/Objects-normal/x86_64/ExtractedAppShortcutsMetadata.stringsdata --source-file-list /tmp/eusotrip-dd/Build/Intermediates.noindex/EusoTrip.build/Debug-iphonesimulator/EusoTrip.build/Objects-normal/arm64/EusoTrip.SwiftFileList --source-file-list /tmp/eusotrip-dd/Build/Intermediates.noindex/EusoTrip.build/Debug-iphonesimulator/EusoTrip.build/Objects-normal/x86_64/EusoTrip.SwiftFileList --metadata-file-list /tmp/eusotrip-dd/Build/Intermediates.noindex/EusoTrip.build/Debug-iphonesimulator/EusoTrip.build/EusoTrip.DependencyMetadataFileList --static-metadata-file-list /tmp/eusotrip-dd/Build/Intermediates.noindex/EusoTrip.build/Debug-iphonesimulator/EusoTrip.build/EusoTrip.DependencyStaticMetadataFileList --swift-const-vals-list /tmp/eusotrip-dd/Build/Intermediates.noindex/EusoTrip.build/Debug-iphonesimulator/EusoTrip.build/Objects-normal/arm64/EusoTrip.SwiftConstValuesFileList --swift-const-vals-list /tmp/eusotrip-dd/Build/Intermediates.noindex/EusoTrip.build/Debug-iphonesimulator/EusoTrip.build/Objects-normal/x86_64/EusoTrip.SwiftConstValuesFileList --compile-time-extraction --deployment-aware-processing --validate-assistant-intents --no-app-shortcuts-localization
2026-06-05 16:26:30.632 appintentsmetadataprocessor[6650:15179234] Starting appintentsmetadataprocessor export
2026-06-05 16:26:30.749 appintentsmetadataprocessor[6650:15179234] Writing Metadata.appintents
2026-06-05 16:26:30.749 appintentsmetadataprocessor[6650:15179234] Metadata root: /tmp/eusotrip-dd/Build/Products/Debug-iphonesimulator/EusoTrip.app/Metadata.appintents

ProcessInfoPlistFile /tmp/eusotrip-dd/Build/Products/Debug-iphonesimulator/EusoTrip.app/Info.plist /Users/diegousoro/Desktop/EusoTrip\ by\ Eusorone\ Technologies,\ Inc/EusoTrip/Info.plist (in target 'EusoTrip' from project 'EusoTrip')
    cd /Users/diegousoro/Desktop/EusoTrip\ by\ Eusorone\ Technologies,\ Inc
    builtin-infoPlistUtility /Users/diegousoro/Desktop/EusoTrip\ by\ Eusorone\ Technologies,\ Inc/EusoTrip/Info.plist -producttype com.apple.product-type.application -genpkginfo /tmp/eusotrip-dd/Build/Products/Debug-iphonesimulator/EusoTrip.app/PkgInfo -expandbuildsettings -format binary -platform iphonesimulator -additionalcontentfile /tmp/eusotrip-dd/Build/Intermediates.noindex/EusoTrip.build/Debug-iphonesimulator/EusoTrip.build/assetcatalog_generated_info.plist -scanforprivacyfile /tmp/eusotrip-dd/Build/Products/Debug-iphonesimulator/EusoTrip.app/Lottie_Lottie.bundle -scanforprivacyfile /tmp/eusotrip-dd/Build/Products/Debug-iphonesimulator/EusoTrip.app/PlugIns/EusoTripiOSWidgets.appex -scanforprivacyfile /tmp/eusotrip-dd/Build/Products/Debug-iphonesimulator/EusoTrip.app/Watch/EusoTrip\ Pulse\ Watch\ App.app -o /tmp/eusotrip-dd/Build/Products/Debug-iphonesimulator/EusoTrip.app/Info.plist

CopySwiftLibs /tmp/eusotrip-dd/Build/Products/Debug-iphonesimulator/EusoTrip.app (in target 'EusoTrip' from project 'EusoTrip')
    cd /Users/diegousoro/Desktop/EusoTrip\ by\ Eusorone\ Technologies,\ Inc
    builtin-swiftStdLibTool --copy --verbose --sign - --scan-executable /tmp/eusotrip-dd/Build/Products/Debug-iphonesimulator/EusoTrip.app/EusoTrip.debug.dylib --scan-folder /tmp/eusotrip-dd/Build/Products/Debug-iphonesimulator/EusoTrip.app/Frameworks --scan-folder /tmp/eusotrip-dd/Build/Products/Debug-iphonesimulator/EusoTrip.app/PlugIns --scan-folder /tmp/eusotrip-dd/Build/Products/Debug-iphonesimulator/EusoTrip.app/SystemExtensions --scan-folder /tmp/eusotrip-dd/Build/Products/Debug-iphonesimulator/EusoTrip.app/Extensions --scan-folder /Applications/Xcode.app/Contents/Developer/Platforms/iPhoneSimulator.platform/Developer/SDKs/iPhoneSimulator26.5.sdk/System/Library/Frameworks/WeatherKit.framework --platform iphonesimulator --toolchain /Applications/Xcode.app/Contents/Developer/Toolchains/XcodeDefault.xctoolchain --destination /tmp/eusotrip-dd/Build/Products/Debug-iphonesimulator/EusoTrip.app/Frameworks --strip-bitcode --strip-bitcode-tool /Applications/Xcode.app/Contents/Developer/Toolchains/XcodeDefault.xctoolchain/usr/bin/bitcode_strip --emit-dependency-info /tmp/eusotrip-dd/Build/Intermediates.noindex/EusoTrip.build/Debug-iphonesimulator/EusoTrip.build/SwiftStdLibToolInputDependencies.dep --filter-for-swift-os --back-deploy-swift-span

AppIntentsSSUTraining (in target 'EusoTrip' from project 'EusoTrip')
    cd /Users/diegousoro/Desktop/EusoTrip\ by\ Eusorone\ Technologies,\ Inc
    /Applications/Xcode.app/Contents/Developer/Toolchains/XcodeDefault.xctoolchain/usr/bin/appintentsnltrainingprocessor --infoplist-path /tmp/eusotrip-dd/Build/Products/Debug-iphonesimulator/EusoTrip.app/Info.plist --temp-dir-path /tmp/eusotrip-dd/Build/Intermediates.noindex/EusoTrip.build/Debug-iphonesimulator/EusoTrip.build/ssu --bundle-id com.app.eusotrip --product-path /tmp/eusotrip-dd/Build/Products/Debug-iphonesimulator/EusoTrip.app --extracted-metadata-path /tmp/eusotrip-dd/Build/Products/Debug-iphonesimulator/EusoTrip.app/Metadata.appintents --metadata-file-list /tmp/eusotrip-dd/Build/Intermediates.noindex/EusoTrip.build/Debug-iphonesimulator/EusoTrip.build/EusoTrip.DependencyMetadataFileList --source-file /tmp/eusotrip-dd/Build/Products/Debug-iphonesimulator/EusoTrip.app/Info.plist --archive-ssu-assets
2026-06-05 16:26:30.830 appintentsnltrainingprocessor[6651:15179238] Parsing options for appintentsnltrainingprocessor
2026-06-05 16:26:30.831 appintentsnltrainingprocessor[6651:15179238] Starting AppIntents SSU YAML Generation
2026-06-05 16:26:30.846 appintentsnltrainingprocessor[6651:15179238] Training 'Ask ESANG on ${+applicationName}|Tell ESANG on ${+applicationName}' for en
2026-06-05 16:26:30.846 appintentsnltrainingprocessor[6651:15179238] Training 'Post a load with ESANG on ${+applicationName}|Have ESANG post a load on ${+applicationName}' for en
2026-06-05 16:26:30.846 appintentsnltrainingprocessor[6651:15179238] Training 'Ask ESANG for load status on ${+applicationName}' for en
2026-06-05 16:26:30.846 appintentsnltrainingprocessor[6651:15179238] Training 'Ask ESANG for exceptions on ${+applicationName}' for en
2026-06-05 16:26:30.846 appintentsnltrainingprocessor[6651:15179238] Training 'Ask ESANG for bids on ${+applicationName}' for en
2026-06-05 16:26:30.846 appintentsnltrainingprocessor[6651:15179238] Training 'Open ESANG on ${+applicationName}' for en
2026-06-05 16:26:30.846 appintentsnltrainingprocessor[6651:15179238] Training 'Open loads on ${+applicationName}' for en
2026-06-05 16:26:30.846 appintentsnltrainingprocessor[6651:15179238] Training 'Open control tower on ${+applicationName}' for en
2026-06-05 16:26:30.846 appintentsnltrainingprocessor[6651:15179238] Training Negative Phrases '' for en
2026-06-05 16:26:30.846 appintentsnltrainingprocessor[6651:15179238] Application name 'EusoTrip' for en
2026-06-05 16:26:30.855 appintentsnltrainingprocessor[6651:15179238] Generated AppIntents SSU YAML files in file:///tmp/eusotrip-dd/Build/Intermediates.noindex/EusoTrip.build/Debug-iphonesimulator/EusoTrip.build/ssu/
2026-06-05 16:26:30.855 appintentsnltrainingprocessor[6651:15179238] Copied AppIntents SSU YAML files to file:///tmp/eusotrip-dd/Build/Products/Debug-iphonesimulator/EusoTrip.app/Metadata.appintents/
Archiving all locales.
[------------------------------------------------------------] 0% archiving en[🁢🁢🁢🁢🁢🁢🁢🁢🁢🁢🁢🁢🁢🁢🁢🁢🁢🁢🁢🁢🁢🁢🁢🁢🁢🁢🁢🁢🁢🁢🁢🁢🁢🁢🁢🁢🁢🁢🁢🁢🁢🁢🁢🁢🁢🁢🁢🁢🁢🁢🁢🁢🁢🁢🁢🁢🁢🁢🁢🁢] 100% archived en[🁢🁢🁢🁢🁢🁢🁢🁢🁢🁢🁢🁢🁢🁢🁢🁢🁢🁢🁢🁢🁢🁢🁢🁢🁢🁢🁢🁢🁢🁢🁢🁢🁢🁢🁢🁢🁢🁢🁢🁢🁢🁢🁢🁢🁢🁢🁢🁢🁢🁢🁢🁢🁢🁢🁢🁢🁢🁢🁢🁢] 100% archived 1 locales/tmp/eusotrip-dd/Build/Products/Debug-iphonesimulator/EusoTrip.app/Metadata.appintents/nlu
/tmp/eusotrip-dd/Build/Products/Debug-iphonesimulator/EusoTrip.app/Metadata.appintents/nlu/d88bc5f3e8efe9c66937c34b87fc18c4.version


CodeSign /tmp/eusotrip-dd/Build/Products/Debug-iphonesimulator/EusoTrip.app/EusoTrip.debug.dylib (in target 'EusoTrip' from project 'EusoTrip')
    cd /Users/diegousoro/Desktop/EusoTrip\ by\ Eusorone\ Technologies,\ Inc
    
    Signing Identity:     "Sign to Run Locally"
    
    /usr/bin/codesign --force --sign - --timestamp\=none --generate-entitlement-der /tmp/eusotrip-dd/Build/Products/Debug-iphonesimulator/EusoTrip.app/EusoTrip.debug.dylib

CodeSign /tmp/eusotrip-dd/Build/Products/Debug-iphonesimulator/EusoTrip.app/__preview.dylib (in target 'EusoTrip' from project 'EusoTrip')
    cd /Users/diegousoro/Desktop/EusoTrip\ by\ Eusorone\ Technologies,\ Inc
    
    Signing Identity:     "Sign to Run Locally"
    
    /usr/bin/codesign --force --sign - --timestamp\=none --generate-entitlement-der /tmp/eusotrip-dd/Build/Products/Debug-iphonesimulator/EusoTrip.app/__preview.dylib
/tmp/eusotrip-dd/Build/Products/Debug-iphonesimulator/EusoTrip.app/__preview.dylib: replacing existing signature

CodeSign /tmp/eusotrip-dd/Build/Products/Debug-iphonesimulator/EusoTrip.app (in target 'EusoTrip' from project 'EusoTrip')
    cd /Users/diegousoro/Desktop/EusoTrip\ by\ Eusorone\ Technologies,\ Inc
    
    Signing Identity:     "Sign to Run Locally"
    
    /usr/bin/codesign --force --sign - --entitlements /tmp/eusotrip-dd/Build/Intermediates.noindex/EusoTrip.build/Debug-iphonesimulator/EusoTrip.build/EusoTrip.app.xcent --timestamp\=none --generate-entitlement-der /tmp/eusotrip-dd/Build/Products/Debug-iphonesimulator/EusoTrip.app

ValidateEmbeddedBinary /tmp/eusotrip-dd/Build/Products/Debug-iphonesimulator/EusoTrip.app/PlugIns/EusoTripiOSWidgets.appex (in target 'EusoTrip' from project 'EusoTrip')
    cd /Users/diegousoro/Desktop/EusoTrip\ by\ Eusorone\ Technologies,\ Inc
    /Applications/Xcode.app/Contents/Developer/usr/bin/embeddedBinaryValidationUtility /tmp/eusotrip-dd/Build/Products/Debug-iphonesimulator/EusoTrip.app/PlugIns/EusoTripiOSWidgets.appex -signing-cert - -info-plist-path /tmp/eusotrip-dd/Build/Products/Debug-iphonesimulator/EusoTrip.app/Info.plist
warning: The CFBundleVersion of an app extension ('703') must match that of its containing parent app ('302').

ValidateEmbeddedBinary /tmp/eusotrip-dd/Build/Products/Debug-iphonesimulator/EusoTrip.app/Watch/EusoTrip\ Pulse\ Watch\ App.app (in target 'EusoTrip' from project 'EusoTrip')
    cd /Users/diegousoro/Desktop/EusoTrip\ by\ Eusorone\ Technologies,\ Inc
    /Applications/Xcode.app/Contents/Developer/usr/bin/embeddedBinaryValidationUtility /tmp/eusotrip-dd/Build/Products/Debug-iphonesimulator/EusoTrip.app/Watch/EusoTrip\ Pulse\ Watch\ App.app -signing-cert - -info-plist-path /tmp/eusotrip-dd/Build/Products/Debug-iphonesimulator/EusoTrip.app/Info.plist

Validate /tmp/eusotrip-dd/Build/Products/Debug-iphonesimulator/EusoTrip.app (in target 'EusoTrip' from project 'EusoTrip')
    cd /Users/diegousoro/Desktop/EusoTrip\ by\ Eusorone\ Technologies,\ Inc
    builtin-validationUtility /tmp/eusotrip-dd/Build/Products/Debug-iphonesimulator/EusoTrip.app -shallow-bundle -infoplist-subpath Info.plist

** BUILD SUCCEEDED **

